[
  {
    "Nome Postazione": "A.V.S. Trinitapoli",
    "Coordinate Postazione": "41.359697,16.088755",
    "Mezzo": "MSA",
    "Nome radio": "FGTRI1",
    "Convenzione": "H24",
    "Orario di lavoro": "00:00-00:00",
    "Giorni": "lun-dom"
  },
  {
    "Nome Postazione": "Volontari Margheritani",
    "Coordinate Postazione": "41.375251,16.151589",
    "Mezzo": "MSI",
    "Nome radio": "FGMAR1",
    "Convenzione": "H24",
    "Orario di lavoro": "00:00-00:00",
    "Giorni": "lun-dom"
  },
  {
    "Nome Postazione": "S.E.T. 118 - Accadia",
    "Coordinate Postazione": "41.158239,15.326457",
    "Mezzo": "MSB",
    "Nome radio": "FGACC1",
    "Convenzione": "H24",
    "Orario di lavoro": "00:00-00:00",
    "Giorni": "lun-dom"
  },
  {
    "Nome Postazione": "S.E.T. 118 - Anzano di Puglia",
    "Coordinate Postazione": "41.120888,15.284375",
    "Mezzo": "MSA",
    "Nome radio": "FGANZ1",
    "Convenzione": "H24",
    "Orario di lavoro": "00:00-00:00",
    "Giorni": "lun-dom"
  },
  {
    "Nome Postazione": "S.E.T. 118 - Apricena",
    "Coordinate Postazione": "41.7808185,15.4431137",
    "Mezzo": "MSI",
    "Nome radio": "FGAPR1",
    "Convenzione": "H24",
    "Orario di lavoro": "00:00-00:00",
    "Giorni": "lun-dom"
  },
  {
    "Nome Postazione": "S.E.T. 118 - Ascoli San Carlo",
    "Coordinate Postazione": "41.135362,15.710812",
    "Mezzo": "MSB",
    "Nome radio": "FGASC2",
    "Convenzione": "H24",
    "Orario di lavoro": "00:00-00:00",
    "Giorni": "lun-dom"
  },
  {
    "Nome Postazione": "S.E.T. 118 - Ascoli Satriano",
    "Coordinate Postazione": "41.203733,15.566159",
    "Mezzo": "MSI",
    "Nome radio": "FGASC1",
    "Convenzione": "H24",
    "Orario di lavoro": "00:00-00:00",
    "Giorni": "lun-dom"
  },
  {
    "Nome Postazione": "S.E.T. 118 - Bovino",
    "Coordinate Postazione": "41.2488344,15.3371915",
    "Mezzo": "MSI",
    "Nome radio": "FGBOV1",
    "Convenzione": "H24",
    "Orario di lavoro": "00:00-00:00",
    "Giorni": "lun-dom"
  },
  {
    "Nome Postazione": "S.E.T. 118 - Cagnano Varano",
    "Coordinate Postazione": "41.8270791,15.7736344",
    "Mezzo": "MSA",
    "Nome radio": "FGCAG1",
    "Convenzione": "H24",
    "Orario di lavoro": "00:00-00:00",
    "Giorni": "lun-dom"
  },
  {
    "Nome Postazione": "S.E.T. 118 - Candela",
    "Coordinate Postazione": "41.132976,15.518219",
    "Mezzo": "MSI",
    "Nome radio": "FGCAN1",
    "Convenzione": "H24",
    "Orario di lavoro": "00:00-00:00",
    "Giorni": "lun-dom"
  },
  {
    "Nome Postazione": "S.E.T. 118 - Carlantino",
    "Coordinate Postazione": "41.592781,14.976597",
    "Mezzo": "MSI",
    "Nome radio": "FGCRL1",
    "Convenzione": "H24",
    "Orario di lavoro": "00:00-00:00",
    "Giorni": "lun-dom"
  },
  {
    "Nome Postazione": "S.E.T. 118 - Carpino",
    "Coordinate Postazione": "41.8507821,15.8484102",
    "Mezzo": "MSI",
    "Nome radio": "FGCRP1",
    "Convenzione": "H24",
    "Orario di lavoro": "00:00-00:00",
    "Giorni": "lun-dom"
  },
  {
    "Nome Postazione": "S.E.T. 118 - Casalnuovo Monterotaro",
    "Coordinate Postazione": "41.6172217,15.1030142",
    "Mezzo": "MSI",
    "Nome radio": "FGCSN1",
    "Convenzione": "H24",
    "Orario di lavoro": "00:00-00:00",
    "Giorni": "lun-dom"
  },
  {
    "Nome Postazione": "S.E.T. 118 - Castelluccio Valmaggiore",
    "Coordinate Postazione": "41.342335,15.196117",
    "Mezzo": "MSI",
    "Nome radio": "FGCST1",
    "Convenzione": "H24",
    "Orario di lavoro": "00:00-00:00",
    "Giorni": "lun-dom"
  },
  {
    "Nome Postazione": "S.E.T. 118 - Cerignola",
    "Coordinate Postazione": "41.272643,15.918403",
    "Mezzo": "MSA",
    "Nome radio": "FGCERC",
    "Convenzione": "H24",
    "Orario di lavoro": "00:00-00:00",
    "Giorni": "lun-dom"
  },
  {
    "Nome Postazione": "S.E.T. 118 - Foggia D Avanzo",
    "Coordinate Postazione": "41.454547,15.544707",
    "Mezzo": "MSI",
    "Nome radio": "FGDAV1",
    "Convenzione": "H24",
    "Orario di lavoro": "00:00-00:00",
    "Giorni": "lun-dom"
  },
  {
    "Nome Postazione": "S.E.T. 118 - Foggia Don Uva",
    "Coordinate Postazione": "41.467628,15.52713",
    "Mezzo": "MSI",
    "Nome radio": "FGUVA1",
    "Convenzione": "H24",
    "Orario di lavoro": "00:00-00:00",
    "Giorni": "lun-dom"
  },
  {
    "Nome Postazione": "S.E.T. 118 - Foggia Macchia Gialla",
    "Coordinate Postazione": "41.4448014,15.5606488",
    "Mezzo": "VLV",
    "Nome radio": "FGAUTO",
    "Convenzione": "H24",
    "Orario di lavoro": "00:00-00:00",
    "Giorni": "lun-dom"
  },
  {
    "Nome Postazione": "S.E.T. 118 - Foggia Macchia Gialla",
    "Coordinate Postazione": "41.4448014,15.5606488",
    "Mezzo": "MSB",
    "Nome radio": "FGMGL1",
    "Convenzione": "H24",
    "Orario di lavoro": "00:00-00:00",
    "Giorni": "lun-dom"
  },
  {
    "Nome Postazione": "S.E.T. 118 - Foggia Villaggio Artigiani",
    "Coordinate Postazione": "41.4691821,15.5603128",
    "Mezzo": "MSI",
    "Nome radio": "FGART1",
    "Convenzione": "H24",
    "Orario di lavoro": "00:00-00:00",
    "Giorni": "lun-dom"
  },
  {
    "Nome Postazione": "S.E.T. 118 - Ischitella",
    "Coordinate Postazione": "41.903238,15.902498",
    "Mezzo": "MSI",
    "Nome radio": "FGISC1",
    "Convenzione": "H24",
    "Orario di lavoro": "00:00-00:00",
    "Giorni": "lun-dom"
  },
  {
    "Nome Postazione": "S.E.T. 118 - Isole Tremiti",
    "Coordinate Postazione": "42.116028,15.49009",
    "Mezzo": "MSA",
    "Nome radio": "FGTRE1",
    "Convenzione": "H24",
    "Orario di lavoro": "00:00-00:00",
    "Giorni": "lun-dom"
  },
  {
    "Nome Postazione": "S.E.T. 118 - Lesina",
    "Coordinate Postazione": "41.863421,15.351625",
    "Mezzo": "MSA",
    "Nome radio": "FGLES1",
    "Convenzione": "H24",
    "Orario di lavoro": "00:00-00:00",
    "Giorni": "lun-dom"
  },
  {
    "Nome Postazione": "S.E.T. 118 - Lucera",
    "Coordinate Postazione": "41.513515,15.331038",
    "Mezzo": "MSA",
    "Nome radio": "FGLUC1",
    "Convenzione": "H24",
    "Orario di lavoro": "00:00-00:00",
    "Giorni": "lun-dom"
  },
  {
    "Nome Postazione": "S.E.T. 118 - Manfredonia",
    "Coordinate Postazione": "41.63292,15.9175178",
    "Mezzo": "MSA",
    "Nome radio": "FGMAN1",
    "Convenzione": "H24",
    "Orario di lavoro": "00:00-00:00",
    "Giorni": "lun-dom"
  },
  {
    "Nome Postazione": "S.E.T. 118 - Mattinata",
    "Coordinate Postazione": "41.707044,16.049454",
    "Mezzo": "MSA",
    "Nome radio": "FGMAT1",
    "Convenzione": "H24",
    "Orario di lavoro": "00:00-00:00",
    "Giorni": "lun-dom"
  },
  {
    "Nome Postazione": "S.E.T. 118 - Monte S. Angelo",
    "Coordinate Postazione": "41.70576,15.96946",
    "Mezzo": "MSI",
    "Nome radio": "FGMON1",
    "Convenzione": "H24",
    "Orario di lavoro": "00:00-00:00",
    "Giorni": "lun-dom"
  },
  {
    "Nome Postazione": "S.E.T. 118 - Motta Montecorvino",
    "Coordinate Postazione": "41.507217,15.113462",
    "Mezzo": "MSI",
    "Nome radio": "FGMOT1",
    "Convenzione": "H24",
    "Orario di lavoro": "00:00-00:00",
    "Giorni": "lun-dom"
  },
  {
    "Nome Postazione": "S.E.T. 118 - Orsara di Puglia",
    "Coordinate Postazione": "41.278989,15.264957",
    "Mezzo": "MSI",
    "Nome radio": "FGORS1",
    "Convenzione": "H24",
    "Orario di lavoro": "00:00-00:00",
    "Giorni": "lun-dom"
  },
  {
    "Nome Postazione": "S.E.T. 118 - Orta Nova",
    "Coordinate Postazione": "41.334,15.714006",
    "Mezzo": "MSA",
    "Nome radio": "FGORT1",
    "Convenzione": "H24",
    "Orario di lavoro": "00:00-00:00",
    "Giorni": "lun-dom"
  },
  {
    "Nome Postazione": "S.E.T. 118 - Peschici",
    "Coordinate Postazione": "41.9439584,16.0167139",
    "Mezzo": "MSA",
    "Nome radio": "FGPES1",
    "Convenzione": "H24",
    "Orario di lavoro": "00:00-00:00",
    "Giorni": "lun-dom"
  },
  {
    "Nome Postazione": "S.E.T. 118 - Rodi garganico",
    "Coordinate Postazione": "41.926742,15.878195",
    "Mezzo": "MSA",
    "Nome radio": "FGROD1",
    "Convenzione": "H24",
    "Orario di lavoro": "00:00-00:00",
    "Giorni": "lun-dom"
  },
  {
    "Nome Postazione": "S.E.T. 118 - Roseto Valfortore",
    "Coordinate Postazione": "41.370153,15.093802",
    "Mezzo": "MSI",
    "Nome radio": "FGROS1",
    "Convenzione": "H24",
    "Orario di lavoro": "00:00-00:00",
    "Giorni": "lun-dom"
  },
  {
    "Nome Postazione": "S.E.T. 118 - S. Giovanni Rotondo",
    "Coordinate Postazione": "41.703617,15.725931",
    "Mezzo": "MSA",
    "Nome radio": "FGSGR1",
    "Convenzione": "H24",
    "Orario di lavoro": "00:00-00:00",
    "Giorni": "lun-dom"
  },
  {
    "Nome Postazione": "S.E.T. 118 - S. Marco in Lamis",
    "Coordinate Postazione": "41.712429,15.639945",
    "Mezzo": "MSA",
    "Nome radio": "FGSML1",
    "Convenzione": "H24",
    "Orario di lavoro": "00:00-00:00",
    "Giorni": "lun-dom"
  },
  {
    "Nome Postazione": "S.E.T. 118 - S. Nicandro Garganico",
    "Coordinate Postazione": "41.832153,15.57692",
    "Mezzo": "MSA",
    "Nome radio": "FGSNG1",
    "Convenzione": "H24",
    "Orario di lavoro": "00:00-00:00",
    "Giorni": "lun-dom"
  },
  {
    "Nome Postazione": "S.E.T. 118 - S. Severo",
    "Coordinate Postazione": "41.69,15.38451",
    "Mezzo": "MSI",
    "Nome radio": "FGSSV1",
    "Convenzione": "H24",
    "Orario di lavoro": "00:00-00:00",
    "Giorni": "lun-dom"
  },
  {
    "Nome Postazione": "S.E.T. 118 - Serracapriola",
    "Coordinate Postazione": "41.813657,15.162672",
    "Mezzo": "MSA",
    "Nome radio": "FGSER1",
    "Convenzione": "H24",
    "Orario di lavoro": "00:00-00:00",
    "Giorni": "lun-dom"
  },
  {
    "Nome Postazione": "S.E.T. 118 - Torremaggiore",
    "Coordinate Postazione": "41.695039,15.293886",
    "Mezzo": "MSA",
    "Nome radio": "FGTOR1",
    "Convenzione": "H24",
    "Orario di lavoro": "00:00-00:00",
    "Giorni": "lun-dom"
  },
  {
    "Nome Postazione": "S.E.T. 118 - Torremaggiore",
    "Coordinate Postazione": "41.695039,15.293886",
    "Mezzo": "MSI",
    "Nome radio": "FGTOR2",
    "Convenzione": "H24",
    "Orario di lavoro": "00:00-00:00",
    "Giorni": "lun-dom"
  },
  {
    "Nome Postazione": "S.E.T. 118 - Vico del Gargano",
    "Coordinate Postazione": "41.896482,15.960178",
    "Mezzo": "MSA",
    "Nome radio": "FGVIC1",
    "Convenzione": "H24",
    "Orario di lavoro": "00:00-00:00",
    "Giorni": "lun-dom"
  },
  {
    "Nome Postazione": "S.E.T. 118 - Vieste",
    "Coordinate Postazione": "41.876572,16.161953",
    "Mezzo": "MSA",
    "Nome radio": "FGVIE1",
    "Convenzione": "H24",
    "Orario di lavoro": "00:00-00:00",
    "Giorni": "lun-dom"
  },
  {
    "Nome Postazione": "S.E.T. 118 - Volturara Appula",
    "Coordinate Postazione": "41.496885,15.054421",
    "Mezzo": "MSB",
    "Nome radio": "FGVOL1",
    "Convenzione": "H24",
    "Orario di lavoro": "00:00-00:00",
    "Giorni": "lun-dom"
  },
  {
    "Nome Postazione": "S.E.T. 118 - Volturino",
    "Coordinate Postazione": "41.475175,15.121247",
    "Mezzo": "MSB",
    "Nome radio": "FGVOLT",
    "Convenzione": "H24",
    "Orario di lavoro": "00:00-00:00",
    "Giorni": "lun-dom"
  },
  {
    "Nome Postazione": "S.E.T. 118 - Volturino",
    "Coordinate Postazione": "41.475175,15.121247",
    "Mezzo": "VLV",
    "Nome radio": "FGVOLTZ",
    "Convenzione": "H24",
    "Orario di lavoro": "00:00-00:00",
    "Giorni": "lun-dom"
  },
  {
    "Nome Postazione": "S.E.T. 118 - Zapponeta",
    "Coordinate Postazione": "41.455344,15.956725",
    "Mezzo": "MSA",
    "Nome radio": "FGZAP1",
    "Convenzione": "H24",
    "Orario di lavoro": "00:00-00:00",
    "Giorni": "lun-dom"
  },
  {
    "Nome Postazione": "S.O.S. Città S. Ferdinando Di Puglia",
    "Coordinate Postazione": "41.299793,16.068624",
    "Mezzo": "MSI",
    "Nome radio": "FGSFP1",
    "Convenzione": "H24",
    "Orario di lavoro": "00:00-00:00",
    "Giorni": "lun-dom"
  }
]