[
  {"indirizzo abitazione": "Via Roma, 18, 31100 Treviso TV", "lat": 45.66690, "lon": 12.24300},
  {"indirizzo abitazione": "Via Calmaggiore, 35, 31100 Treviso TV", "lat": 45.66500, "lon": 12.24400},
  {"indirizzo abitazione": "Viale della Repubblica, 22, 31100 Treviso TV", "lat": 45.66800, "lon": 12.24200},
  {"indirizzo abitazione": "Via San Martino, 14, 31100 Treviso TV", "lat": 45.66600, "lon": 12.24500},
  {"indirizzo abitazione": "Via Dante, 67, 31100 Treviso TV", "lat": 45.66750, "lon": 12.24350},
  {"indirizzo abitazione": "Via Mazzini, 89, 31100 Treviso TV", "lat": 45.66550, "lon": 12.24450},
  {"indirizzo abitazione": "Via Garibaldi, 123, 31100 Treviso TV", "lat": 45.66850, "lon": 12.24150},
  {"indirizzo abitazione": "Via Cavour, 156, 31100 Treviso TV", "lat": 45.66450, "lon": 12.24550},
  {"indirizzo abitazione": "Via Verdi, 234, 31100 Treviso TV", "lat": 45.66950, "lon": 12.24050},
  {"indirizzo abitazione": "Via Manzoni, 345, 31100 Treviso TV", "lat": 45.66350, "lon": 12.24650},
  {"indirizzo abitazione": "Via Foscolo, 45, 31100 Treviso TV", "lat": 45.67050, "lon": 12.23950},
  {"indirizzo abitazione": "Via Carducci, 67, 31100 Treviso TV", "lat": 45.66250, "lon": 12.24750},
  {"indirizzo abitazione": "Via Leopardi, 89, 31100 Treviso TV", "lat": 45.67150, "lon": 12.23850},
  {"indirizzo abitazione": "Via Pascoli, 123, 31100 Treviso TV", "lat": 45.66150, "lon": 12.24850},
  {"indirizzo abitazione": "Via D'Annunzio, 156, 31100 Treviso TV", "lat": 45.67250, "lon": 12.23750},
  {"indirizzo abitazione": "Via Pellico, 234, 31100 Treviso TV", "lat": 45.66050, "lon": 12.24950},
  {"indirizzo abitazione": "Via Gioberti, 345, 31100 Treviso TV", "lat": 45.67350, "lon": 12.23650},
  {"indirizzo abitazione": "Via Cairoli, 45, 31100 Treviso TV", "lat": 45.65950, "lon": 12.25050},
  {"indirizzo abitazione": "Via Mameli, 67, 31100 Treviso TV", "lat": 45.67450, "lon": 12.23550},
  {"indirizzo abitazione": "Via Petrarca, 89, 31100 Treviso TV", "lat": 45.65850, "lon": 12.25150},
  {"indirizzo abitazione": "Via Tasso, 123, 31100 Treviso TV", "lat": 45.67550, "lon": 12.23450},
  {"indirizzo abitazione": "Via Ariosto, 156, 31100 Treviso TV", "lat": 45.65750, "lon": 12.25250},
  {"indirizzo abitazione": "Via Goldoni, 234, 31100 Treviso TV", "lat": 45.67650, "lon": 12.23350},
  {"indirizzo abitazione": "Via Alfieri, 345, 31100 Treviso TV", "lat": 45.65650, "lon": 12.25350},
  {"indirizzo abitazione": "Via Metastasio, 45, 31100 Treviso TV", "lat": 45.67750, "lon": 12.23250},
  {"indirizzo abitazione": "Via Bembo, 67, 31100 Treviso TV", "lat": 45.65550, "lon": 12.25450},
  {"indirizzo abitazione": "Via Roma, 12, 31015 Conegliano TV", "lat": 45.88970, "lon": 12.29970},
  {"indirizzo abitazione": "Via XX Settembre, 34, 31015 Conegliano TV", "lat": 45.88850, "lon": 12.30090},
  {"indirizzo abitazione": "Via Matteotti, 56, 31015 Conegliano TV", "lat": 45.89090, "lon": 12.29850},
  {"indirizzo abitazione": "Via Garibaldi, 78, 31015 Conegliano TV", "lat": 45.88730, "lon": 12.30210},
  {"indirizzo abitazione": "Via Cavour, 123, 31015 Conegliano TV", "lat": 45.89210, "lon": 12.29730},
  {"indirizzo abitazione": "Via Dante, 145, 31015 Conegliano TV", "lat": 45.88610, "lon": 12.30330},
  {"indirizzo abitazione": "Via Manzoni, 167, 31015 Conegliano TV", "lat": 45.89330, "lon": 12.29610},
  {"indirizzo abitazione": "Via Verdi, 189, 31015 Conegliano TV", "lat": 45.88490, "lon": 12.30450},
  {"indirizzo abitazione": "Viale Venezia, 234, 31015 Conegliano TV", "lat": 45.89450, "lon": 12.29490},
  {"indirizzo abitazione": "Via Treviso, 256, 31015 Conegliano TV", "lat": 45.88370, "lon": 12.30570},
  {"indirizzo abitazione": "Via Roma, 12, 31044 Montebelluna TV", "lat": 45.77530, "lon": 12.05060},
  {"indirizzo abitazione": "Via Piave, 34, 31044 Montebelluna TV", "lat": 45.77650, "lon": 12.04940},
  {"indirizzo abitazione": "Via Matteotti, 56, 31044 Montebelluna TV", "lat": 45.77410, "lon": 12.05180},
  {"indirizzo abitazione": "Via Garibaldi, 78, 31044 Montebelluna TV", "lat": 45.77770, "lon": 12.04820},
  {"indirizzo abitazione": "Via Cavour, 123, 31044 Montebelluna TV", "lat": 45.77290, "lon": 12.05300},
  {"indirizzo abitazione": "Via Mazzini, 145, 31044 Montebelluna TV", "lat": 45.77890, "lon": 12.04700},
  {"indirizzo abitazione": "Via Verdi, 167, 31044 Montebelluna TV", "lat": 45.77170, "lon": 12.05420},
  {"indirizzo abitazione": "Via Dante, 189, 31044 Montebelluna TV", "lat": 45.78010, "lon": 12.04580},
  {"indirizzo abitazione": "Via Roma, 12, 31033 Castelfranco Veneto TV", "lat": 45.67040, "lon": 11.92650},
  {"indirizzo abitazione": "Via Riccati, 34, 31033 Castelfranco Veneto TV", "lat": 45.67160, "lon": 11.92530},
  {"indirizzo abitazione": "Via del Santuario, 56, 31033 Castelfranco Veneto TV", "lat": 45.66920, "lon": 11.92770},
  {"indirizzo abitazione": "Via Peschiera, 78, 31033 Castelfranco Veneto TV", "lat": 45.67280, "lon": 11.92410},
  {"indirizzo abitazione": "Via Giorgione, 123, 31033 Castelfranco Veneto TV", "lat": 45.66800, "lon": 11.92890},
  {"indirizzo abitazione": "Via Francesco Baracca, 145, 31033 Castelfranco Veneto TV", "lat": 45.67400, "lon": 11.92290},
  {"indirizzo abitazione": "Via Europa, 167, 31033 Castelfranco Veneto TV", "lat": 45.66680, "lon": 11.93010},
  {"indirizzo abitazione": "Via Roma, 12, 31029 Vittorio Veneto TV", "lat": 45.99970, "lon": 12.30050},
  {"indirizzo abitazione": "Via Cavour, 34, 31029 Vittorio Veneto TV", "lat": 45.99850, "lon": 12.30170},
  {"indirizzo abitazione": "Via Matteotti, 56, 31029 Vittorio Veneto TV", "lat": 46.00090, "lon": 12.29930},
  {"indirizzo abitazione": "Via Garibaldi, 78, 31029 Vittorio Veneto TV", "lat": 45.99730, "lon": 12.30290},
  {"indirizzo abitazione": "Via Dante, 123, 31029 Vittorio Veneto TV", "lat": 46.00210, "lon": 12.29810},
  {"indirizzo abitazione": "Via Manzoni, 145, 31029 Vittorio Veneto TV", "lat": 45.99610, "lon": 12.30410},
  {"indirizzo abitazione": "Via Roma, 12, 31046 Oderzo TV", "lat": 45.77850, "lon": 12.49470},
  {"indirizzo abitazione": "Via Garibaldi, 34, 31046 Oderzo TV", "lat": 45.77730, "lon": 12.49590},
  {"indirizzo abitazione": "Via Matteotti, 56, 31046 Oderzo TV", "lat": 45.77970, "lon": 12.49350},
  {"indirizzo abitazione": "Via Cavour, 78, 31046 Oderzo TV", "lat": 45.77610, "lon": 12.49710},
  {"indirizzo abitazione": "Via Mazzini, 123, 31046 Oderzo TV", "lat": 45.78090, "lon": 12.49230},
  {"indirizzo abitazione": "Via Roma, 12, 31021 Mogliano Veneto TV", "lat": 45.55430, "lon": 12.23850},
  {"indirizzo abitazione": "Via Terraglio, 34, 31021 Mogliano Veneto TV", "lat": 45.55550, "lon": 12.23730},
  {"indirizzo abitazione": "Via Venezia, 56, 31021 Mogliano Veneto TV", "lat": 45.55310, "lon": 12.23970},
  {"indirizzo abitazione": "Via Treviso, 78, 31021 Mogliano Veneto TV", "lat": 45.55670, "lon": 12.23610},
  {"indirizzo abitazione": "Via Garibaldi, 123, 31021 Mogliano Veneto TV", "lat": 45.55190, "lon": 12.24090},
  {"indirizzo abitazione": "Via Roma, 12, 31048 San Biagio di Callalta TV", "lat": 45.70940, "lon": 12.36850},
  {"indirizzo abitazione": "Via Treviso, 34, 31048 San Biagio di Callalta TV", "lat": 45.71060, "lon": 12.36730},
  {"indirizzo abitazione": "Via Venezia, 56, 31048 San Biagio di Callalta TV", "lat": 45.70820, "lon": 12.36970},
  {"indirizzo abitazione": "Via Roma, 12, 31020 Villorba TV", "lat": 45.70240, "lon": 12.24850},
  {"indirizzo abitazione": "Via Roma, 12, 31020 Spresiano TV", "lat": 45.79640, "lon": 12.24850},
  {"indirizzo abitazione": "Via Roma, 12, 31020 Silea TV", "lat": 45.65240, "lon": 12.30850},
  {"indirizzo abitazione": "Via Roma, 12, 31020 Paese TV", "lat": 45.67440, "lon": 12.16850},
  {"indirizzo abitazione": "Via Roma, 12, 31020 Zero Branco TV", "lat": 45.60240, "lon": 12.14850},
  {"indirizzo abitazione": "Via Roma, 12, 31020 Carbonera TV", "lat": 45.69540, "lon": 12.31850},
  {"indirizzo abitazione": "Via Roma, 12, 31020 Preganziol TV", "lat": 45.60640, "lon": 12.30850},
  {"indirizzo abitazione": "Via Roma, 12, 31020 Quinto di Treviso TV", "lat": 45.69240, "lon": 12.17850},
  {"indirizzo abitazione": "Via Roma, 12, 31050 Ponzano Veneto TV", "lat": 45.68540, "lon": 12.19850},
  {"indirizzo abitazione": "Via Roma, 12, 31050 Arcade TV", "lat": 45.73840, "lon": 12.12850},
  {"indirizzo abitazione": "Via Roma, 12, 31050 Nervesa della Battaglia TV", "lat": 45.82440, "lon": 12.17850},
  {"indirizzo abitazione": "Via Roma, 12, 31050 Povegliano TV", "lat": 45.77440, "lon": 12.48850},
  {"indirizzo abitazione": "Via Roma, 12, 31050 Volpago del Montello TV", "lat": 45.78340, "lon": 12.10850},
  {"indirizzo abitazione": "Via Roma, 12, 31050 Giavera del Montello TV", "lat": 45.76540, "lon": 12.09850},
  {"indirizzo abitazione": "Via Roma, 12, 31050 Crocetta del Montello TV", "lat": 45.76740, "lon": 12.06850},
  {"indirizzo abitazione": "Via Roma, 12, 31050 Cornuda TV", "lat": 45.79740, "lon": 11.94850},
  {"indirizzo abitazione": "Via Roma, 12, 31050 Maser TV", "lat": 45.73240, "lon": 11.95850},
  {"indirizzo abitazione": "Via Roma, 12, 31050 Altivole TV", "lat": 45.72240, "lon": 11.97850},
  {"indirizzo abitazione": "Via Roma, 12, 31050 Riese Pio X TV", "lat": 45.71340, "lon": 11.91850},
  {"indirizzo abitazione": "Via Roma, 12, 31050 Vedelago TV", "lat": 45.67540, "lon": 11.96850},
  {"indirizzo abitazione": "Via Roma, 12, 31050 Istrana TV", "lat": 45.68840, "lon": 12.10850},
  {"indirizzo abitazione": "Via Roma, 12, 31050 Morgano TV", "lat": 45.67040, "lon": 12.06850},
  {"indirizzo abitazione": "Via Roma, 12, 31020 Breda di Piave TV", "lat": 45.72840, "lon": 12.42850},
  {"indirizzo abitazione": "Via Roma, 12, 31020 Salgareda TV", "lat": 45.73140, "lon": 12.48850},
  {"indirizzo abitazione": "Via Roma, 12, 31020 Chiarano TV", "lat": 45.80140, "lon": 12.46850},
  {"indirizzo abitazione": "Via Roma, 12, 31020 Gorgo al Monticano TV", "lat": 45.79240, "lon": 12.53850},
  {"indirizzo abitazione": "Via Roma, 12, 31020 Ormelle TV", "lat": 45.78540, "lon": 12.41850},
  {"indirizzo abitazione": "Via Roma, 12, 31020 Cessalto TV", "lat": 45.74940, "lon": 12.60850},
  {"indirizzo abitazione": "Via Roma, 12, 31020 San Polo di Piave TV", "lat": 45.78040, "lon": 12.34850},
  {"indirizzo abitazione": "Via Roma, 12, 31020 Vazzola TV", "lat": 45.86540, "lon": 12.35850},
  {"indirizzo abitazione": "Via Roma, 12, 31020 Godega di Sant'Urbano TV", "lat": 45.94740, "lon": 12.40850},
  {"indirizzo abitazione": "Via Roma, 12, 31020 Orsago TV", "lat": 45.95240, "lon": 12.44850},
  {"indirizzo abitazione": "Via Roma, 12, 31020 Cordignano TV", "lat": 45.98140, "lon": 12.46850},
  {"indirizzo abitazione": "Via Roma, 12, 31020 Gaiarine TV", "lat": 45.93240, "lon": 12.48850},
  {"indirizzo abitazione": "Via Roma, 12, 31020 Portobuffolè TV", "lat": 45.84940, "lon": 12.60850},
  {"indirizzo abitazione": "Via Roma, 12, 31020 Ponte di Piave TV", "lat": 45.70940, "lon": 12.47850},
  {"indirizzo abitazione": "Via Roma, 12, 31020 Cimadolmo TV", "lat": 45.75140, "lon": 12.44850},
  {"indirizzo abitazione": "Via Roma, 12, 31020 Meduna di Livenza TV", "lat": 45.81140, "lon": 12.64850},
  {"indirizzo abitazione": "Via Roma, 12, 31020 Motta di Livenza TV", "lat": 45.77940, "lon": 12.61850},
  {"indirizzo abitazione": "Via Roma, 12, 31020 Mansuè TV", "lat": 45.79940, "lon": 12.58850},
  {"indirizzo abitazione": "Via Roma, 12, 31020 Fontanelle TV", "lat": 45.83140, "lon": 12.54850},
  {"indirizzo abitazione": "Via Roma, 12, 31020 Asolo TV", "lat": 45.80040, "lon": 11.91850},
  {"indirizzo abitazione": "Via Roma, 12, 31020 Fonte TV", "lat": 45.81640, "lon": 11.96850},
  {"indirizzo abitazione": "Via Roma, 12, 31020 Paderno del Grappa TV", "lat": 45.88540, "lon": 11.89850},
  {"indirizzo abitazione": "Via Roma, 12, 31020 Crespano del Grappa TV", "lat": 45.84740, "lon": 11.85850},
  {"indirizzo abitazione": "Via Roma, 12, 31020 Pederobba TV", "lat": 45.86240, "lon": 11.97850},
  {"indirizzo abitazione": "Via Roma, 12, 31020 Cavaso del Tomba TV", "lat": 45.84340, "lon": 11.93850},
  {"indirizzo abitazione": "Via Roma, 12, 31020 Possagno TV", "lat": 45.86840, "lon": 11.88850},
  {"indirizzo abitazione": "Via Roma, 12, 31020 Borso del Grappa TV", "lat": 45.82340, "lon": 11.82850},
  {"indirizzo abitazione": "Via Roma, 12, 31020 San Zenone degli Ezzelini TV", "lat": 45.75740, "lon": 11.84850},
  {"indirizzo abitazione": "Via Roma, 12, 31020 Loria TV", "lat": 45.71840, "lon": 11.88850},
  {"indirizzo abitazione": "Via Roma, 12, 31020 Castello di Godego TV", "lat": 45.71040, "lon": 11.86850},
  {"indirizzo abitazione": "Via Roma, 12, 31020 Resana TV", "lat": 45.65840, "lon": 11.93850},
  {"scuola": "Liceo Canova, Via Alvise Cornaro, 31100 Treviso TV", "lat": 45.66700, "lon": 12.24100},
  {"scuola": "Università Ca' Foscari sede di Treviso, Via Torino, 31100 Treviso TV", "lat": 45.66900, "lon": 12.24000},
  {"scuola": "Liceo Scientifico Da Vinci, Via Rosselli, 31100 Treviso TV", "lat": 45.66400, "lon": 12.24600},
  {"scuola": "IIS Planck, Viale Europa, 31100 Treviso TV", "lat": 45.67000, "lon": 12.23900},
  {"scuola": "IIS Palladio, Via Tronconi, 31100 Treviso TV", "lat": 45.66300, "lon": 12.24700},
  {"scuola": "Liceo Artistico Munari, Via Scarpa, 31100 Treviso TV", "lat": 45.67100, "lon": 12.23800},
  {"scuola": "Istituto Comprensivo 1 Treviso, Via Venier, 31100 Treviso TV", "lat": 45.66200, "lon": 12.24800},
  {"scuola": "Istituto Comprensivo 2 Treviso, Via Zermanese, 31100 Treviso TV", "lat": 45.67200, "lon": 12.23700},
  {"scuola": "Conservatorio Steffani, Borgo Cavour, 31100 Treviso TV", "lat": 45.66800, "lon": 12.24300},
  {"scuola": "Liceo Giorgione, Via Riccati, 31033 Castelfranco Veneto TV", "lat": 45.67200, "lon": 12.24500},
  {"scuola": "IIS Sartor, Viale Europa, 31033 Castelfranco Veneto TV", "lat": 45.67000, "lon": 11.92700},
  {"scuola": "Istituto Comprensivo Castelfranco, Via del Santuario, 31033 Castelfranco Veneto TV", "lat": 45.66950, "lon": 11.92750},
  {"scuola": "Liceo Marconi, Via Dante, 31015 Conegliano TV", "lat": 45.88900, "lon": 12.30000},
  {"scuola": "ITIS Kennedy, Via Montalcini, 31015 Conegliano TV", "lat": 45.88700, "lon": 12.30200},
  {"scuola": "Istituto Comprensivo Conegliano 1, Via Garibaldi, 31015 Conegliano TV", "lat": 45.88800, "lon": 12.30100},
  {"scuola": "Scuola Enologica, Viale XXVIII Aprile, 31015 Conegliano TV", "lat": 45.89000, "lon": 12.29900},
  {"scuola": "IIS Luzzatti, Via Cadorna, 31044 Montebelluna TV", "lat": 45.77600, "lon": 12.05000},
  {"scuola": "Istituto Comprensivo Montebelluna 1, Via Piave, 31044 Montebelluna TV", "lat": 45.77700, "lon": 12.04900},
  {"scuola": "Liceo Flaminio, Via Flaminio, 31029 Vittorio Veneto TV", "lat": 46.00000, "lon": 12.30000},
  {"scuola": "IIS Città della Vittoria, Via San Lorenzo, 31029 Vittorio Veneto TV", "lat": 45.99900, "lon": 12.30100},
  {"scuola": "Istituto Comprensivo Oderzo, Via Garibaldi, 31046 Oderzo TV", "lat": 45.77800, "lon": 12.49500},
  {"scuola": "Istituto Comprensivo Mogliano, Via Terraglio, 31021 Mogliano Veneto TV", "lat": 45.55500, "lon": 12.23800},
  {"scuola": "Istituto Comprensivo San Biagio, Via Treviso, 31048 San Biagio di Callalta TV", "lat": 45.71000, "lon": 12.36800},
  {"scuola": "Istituto Comprensivo Villorba, Via Roma, 31020 Villorba TV", "lat": 45.70200, "lon": 12.24900},
  {"scuola": "Istituto Comprensivo Spresiano, Via Roma, 31020 Spresiano TV", "lat": 45.79600, "lon": 12.24900},
  {"scuola": "Istituto Comprensivo Nervesa, Via Roma, 31050 Nervesa della Battaglia TV", "lat": 45.82400, "lon": 12.17900},
  {"scuola": "Istituto Comprensivo Asolo, Via Roma, 31020 Asolo TV", "lat": 45.80000, "lon": 11.91900},
  {"impianto sportivo": "Stadio Omobono Tenni, Viale dello Sport, 31100 Treviso TV", "lat": 45.65200, "lon": 12.26500},
  {"impianto sportivo": "Palazzetto dello Sport Pala Verde, Via San Pelajo, 31100 Treviso TV", "lat": 45.67400, "lon": 12.22600},
  {"impianto sportivo": "Piscina Comunale, Via del Fante, 31100 Treviso TV", "lat": 45.66100, "lon": 12.25700},
  {"impianto sportivo": "Stadio Comunale Conegliano, Via Stadio, 31015 Conegliano TV", "lat": 45.88200, "lon": 12.31500},
  {"impianto sportivo": "Palazzetto dello Sport Montebelluna, Via dello Sport, 31044 Montebelluna TV", "lat": 45.76800, "lon": 12.06200},
  {"impianto sportivo": "Centro Sportivo Castelfranco, Via dello Sport, 31033 Castelfranco Veneto TV", "lat": 45.66500, "lon": 11.93500},
  {"impianto sportivo": "Stadio Comunale Vittorio Veneto, Via Stadio, 31029 Vittorio Veneto TV", "lat": 45.99500, "lon": 12.31500},
  {"impianto sportivo": "Campo Sportivo Oderzo, Via dello Sport, 31046 Oderzo TV", "lat": 45.77300, "lon": 12.50500},
  {"impianto sportivo": "Centro Sportivo Mogliano, Via dello Sport, 31021 Mogliano Veneto TV", "lat": 45.55000, "lon": 12.24500},
  {"impianto sportivo": "Palestra San Biagio, Via dello Sport, 31048 San Biagio di Callalta TV", "lat": 45.70500, "lon": 12.37500},
  {"impianto sportivo": "Campo Sportivo Villorba, Via dello Sport, 31020 Villorba TV", "lat": 45.69700, "lon": 12.25500},
  {"impianto sportivo": "Centro Sportivo Spresiano, Via dello Sport, 31020 Spresiano TV", "lat": 45.79100, "lon": 12.25500},
  {"impianto sportivo": "Campo Sportivo Nervesa, Via dello Sport, 31050 Nervesa della Battaglia TV", "lat": 45.81900, "lon": 12.18500},
  {"impianto sportivo": "Centro Sportivo Asolo, Via dello Sport, 31020 Asolo TV", "lat": 45.79500, "lon": 11.92500},
  {"impianto lavorativo": "Zona Industriale Sile, Via del Commercio, 31100 Treviso TV", "lat": 45.65000, "lon": 12.26000},
  {"impianto lavorativo": "Benetton Group, Via Villa Minelli, 31050 Ponzano Veneto TV", "lat": 45.68500, "lon": 12.19000},
  {"impianto lavorativo": "Sisley International, Via Berna, 31100 Treviso TV", "lat": 45.66500, "lon": 12.25500},
  {"impianto lavorativo": "Geox, Via Feltrina Sud, 31044 Montebelluna TV", "lat": 45.76500, "lon": 12.07000},
  {"impianto lavorativo": "Lotto Sport Italia, Via Montello, 31044 Montebelluna TV", "lat": 45.77000, "lon": 12.06500},
  {"impianto lavorativo": "Distretto Calzaturiero, Via del Lavoro, 31044 Montebelluna TV", "lat": 45.76000, "lon": 12.08000},
  {"impianto lavorativo": "Zoppas Industries, Via Postumia, 31050 Conegliano TV", "lat": 45.87500, "lon": 12.32000},
  {"impianto lavorativo": "Electrolux Professional, Via Postumia, 31020 Porcia TV", "lat": 45.95500, "lon": 12.41000},
  {"impianto lavorativo": "De'Longhi, Via Seitz, 31100 Treviso TV", "lat": 45.67500, "lon": 12.23000},
  {"impianto lavorativo": "Polo Industriale Castelfranco, Via dell'Industria, 31033 Castelfranco Veneto TV", "lat": 45.66000, "lon": 11.94000},
  {"impianto lavorativo": "Zona Artigianale Vittorio Veneto, Via dell'Artigianato, 31029 Vittorio Veneto TV", "lat": 45.98500, "lon": 12.32000},
  {"impianto lavorativo": "Centro Commerciale Panorama, Via Terraglio, 31021 Mogliano Veneto TV", "lat": 45.54500, "lon": 12.25000},
  {"impianto lavorativo": "Polo Logistico Oderzo, Via Industria, 31046 Oderzo TV", "lat": 45.76500, "lon": 12.51500},
  {"impianto lavorativo": "Zona Industriale San Biagio, Via Industria, 31048 San Biagio di Callalta TV", "lat": 45.70000, "lon": 12.38000},
  {"rsa": "Casa di Riposo Sant'Antonio, Via Sant'Antonio, 31100 Treviso TV", "lat": 45.66600, "lon": 12.24400},
  {"rsa": "RSA Villa Salus, Via Ospedale, 31100 Treviso TV", "lat": 45.67300, "lon": 12.23600},
  {"rsa": "Casa di Riposo Conegliano, Via Roma, 189, 31015 Conegliano TV", "lat": 45.88400, "lon": 12.30400},
  {"rsa": "RSA Montebelluna, Via Piave, 189, 31044 Montebelluna TV", "lat": 45.77200, "lon": 12.05400},
  {"rsa": "Casa di Riposo Castelfranco, Via Roma, 189, 31033 Castelfranco Veneto TV", "lat": 45.66700, "lon": 11.93200},
  {"rsa": "RSA Vittorio Veneto, Via Roma, 189, 31029 Vittorio Veneto TV", "lat": 45.99400, "lon": 12.30400},
  {"rsa": "Casa di Riposo Oderzo, Via Roma, 189, 31046 Oderzo TV", "lat": 45.77400, "lon": 12.50000},
  {"rsa": "RSA Mogliano, Via Roma, 189, 31021 Mogliano Veneto TV", "lat": 45.55100, "lon": 12.24200},
  {"rsa": "Casa di Riposo San Biagio, Via Roma, 189, 31048 San Biagio di Callalta TV", "lat": 45.70600, "lon": 12.37200},
  {"rsa": "RSA Villorba, Via Roma, 189, 31020 Villorba TV", "lat": 45.69800, "lon": 12.25200},
  {"rsa": "Casa di Riposo Asolo, Via Roma, 189, 31020 Asolo TV", "lat": 45.79600, "lon": 11.92200},
  {"strada": "A27 Autostrada d'Alemagna, km 25, 31100 Treviso TV", "lat": 45.68000, "lon": 12.22000},
  {"strada": "SS 13 Pontebbana, km 95, 31100 Treviso TV", "lat": 45.66000, "lon": 12.25000},
  {"strada": "A27 Autostrada d'Alemagna, km 45, 31015 Conegliano TV", "lat": 45.90000, "lon": 12.28000},
  {"strada": "SS 51 di Alemagna, km 125, 31015 Conegliano TV", "lat": 45.88000, "lon": 12.32000},
  {"strada": "SS 348 Feltrina, km 35, 31044 Montebelluna TV", "lat": 45.78000, "lon": 12.03000},
  {"strada": "A27 Autostrada d'Alemagna, km 35, 31044 Montebelluna TV", "lat": 45.76000, "lon": 12.08000},
  {"strada": "SS 245 Castellana, km 25, 31033 Castelfranco Veneto TV", "lat": 45.65000, "lon": 11.95000},
  {"strada": "A27 Autostrada d'Alemagna, km 65, 31029 Vittorio Veneto TV", "lat": 46.01000, "lon": 12.28000},
  {"strada": "SS 51 di Alemagna, km 145, 31029 Vittorio Veneto TV", "lat": 46.00000, "lon": 12.32000},
  {"strada": "A28 Portogruaro-Conegliano, km 15, 31046 Oderzo TV", "lat": 45.76000, "lon": 12.52000},
  {"strada": "SS 53 Postumia, km 85, 31046 Oderzo TV", "lat": 45.78000, "lon": 12.48000},
  {"strada": "A57 Tangenziale di Mestre, km 5, 31021 Mogliano Veneto TV", "lat": 45.54000, "lon": 12.26000},
  {"strada": "SS 515 Noalese, km 15, 31021 Mogliano Veneto TV", "lat": 45.56000, "lon": 12.22000},
  {"strada": "A28 Portogruaro-Conegliano, km 5, 31048 San Biagio di Callalta TV", "lat": 45.72000, "lon": 12.35000},
  {"strada": "SS 13 Pontebbana, km 105, 31048 San Biagio di Callalta TV", "lat": 45.71000, "lon": 12.38000},
  {"strada": "A27 Autostrada d'Alemagna, km 18, 31020 Villorba TV", "lat": 45.71000, "lon": 12.23000},
  {"strada": "SS 348 Feltrina, km 15, 31020 Spresiano TV", "lat": 45.80000, "lon": 12.23000},
  {"strada": "SS 248 Schiavonesca-Marosticana, km 25, 31020 Asolo TV", "lat": 45.81000, "lon": 11.90000},
  {"strada": "A27 Autostrada d'Alemagna, km 55, 31050 Nervesa della Battaglia TV", "lat": 45.83000, "lon": 12.16000},
  {"strada": "SS 348 Feltrina, km 45, 31050 Volpago del Montello TV", "lat": 45.79000, "lon": 12.09000},
  {"strada": "A28 Portogruaro-Conegliano, km 25, 31020 Godega di Sant'Urbano TV", "lat": 45.95000, "lon": 12.39000},
  {"strada": "SS 53 Postumia, km 105, 31020 Portobuffolè TV", "lat": 45.85000, "lon": 12.59000},
  {"strada": "A28 Portogruaro-Conegliano, km 35, 31020 Motta di Livenza TV", "lat": 45.78000, "lon": 12.60000},
  {"strada": "SS 348 Feltrina, km 25, 31050 Cornuda TV", "lat": 45.80000, "lon": 11.93000},
  {"strada": "SS 245 Castellana, km 15, 31050 Riese Pio X TV", "lat": 45.72000, "lon": 11.90000},
  {"indirizzo abitazione": "Via Sarpi, 67, 31100 Treviso TV", "lat": 45.67850, "lon": 12.23150},
  {"indirizzo abitazione": "Via Falier, 89, 31100 Treviso TV", "lat": 45.65450, "lon": 12.25550},
  {"indirizzo abitazione": "Via Tiepolo, 123, 31100 Treviso TV", "lat": 45.67950, "lon": 12.23050},
  {"indirizzo abitazione": "Via Veronese, 156, 31100 Treviso TV", "lat": 45.65350, "lon": 12.25650},
  {"indirizzo abitazione": "Via Tintoretto, 234, 31100 Treviso TV", "lat": 45.68050, "lon": 12.22950},
  {"indirizzo abitazione": "Via Bellini, 345, 31100 Treviso TV", "lat": 45.65250, "lon": 12.25750},
  {"indirizzo abitazione": "Via Donizetti, 45, 31100 Treviso TV", "lat": 45.68150, "lon": 12.22850},
  {"indirizzo abitazione": "Via Rossini, 67, 31100 Treviso TV", "lat": 45.65150, "lon": 12.25850},
  {"indirizzo abitazione": "Via Puccini, 89, 31100 Treviso TV", "lat": 45.68250, "lon": 12.22750},
  {"indirizzo abitazione": "Via Vivaldi, 123, 31100 Treviso TV", "lat": 45.65050, "lon": 12.25950},
  {"indirizzo abitazione": "Via Monteverdi, 156, 31100 Treviso TV", "lat": 45.68350, "lon": 12.22650},
  {"indirizzo abitazione": "Via Palestrina, 234, 31100 Treviso TV", "lat": 45.64950, "lon": 12.26050},
  {"indirizzo abitazione": "Via Scarlatti, 345, 31100 Treviso TV", "lat": 45.68450, "lon": 12.22550},
  {"indirizzo abitazione": "Via Albinoni, 45, 31100 Treviso TV", "lat": 45.64850, "lon": 12.26150},
  {"indirizzo abitazione": "Via Corelli, 67, 31100 Treviso TV", "lat": 45.68550, "lon": 12.22450},
  {"indirizzo abitazione": "Via Tartini, 89, 31100 Treviso TV", "lat": 45.64750, "lon": 12.26250},
  {"indirizzo abitazione": "Via Marcello, 123, 31100 Treviso TV", "lat": 45.68650, "lon": 12.22350},
  {"indirizzo abitazione": "Via Galuppi, 156, 31100 Treviso TV", "lat": 45.64650, "lon": 12.26350},
  {"indirizzo abitazione": "Via Sammartini, 234, 31100 Treviso TV", "lat": 45.68750, "lon": 12.22250},
  {"indirizzo abitazione": "Via Boccherini, 345, 31100 Treviso TV", "lat": 45.64550, "lon": 12.26450},
  {"indirizzo abitazione": "Via Clementi, 45, 31100 Treviso TV", "lat": 45.68850, "lon": 12.22150},
  {"indirizzo abitazione": "Via Cherubini, 67, 31100 Treviso TV", "lat": 45.64450, "lon": 12.26550},
  {"indirizzo abitazione": "Via Spontini, 89, 31100 Treviso TV", "lat": 45.68950, "lon": 12.22050},
  {"indirizzo abitazione": "Via Paisiello, 123, 31100 Treviso TV", "lat": 45.64350, "lon": 12.26650},
  {"indirizzo abitazione": "Via Cimarosa, 156, 31100 Treviso TV", "lat": 45.69050, "lon": 12.21950},
  {"indirizzo abitazione": "Viale Luzzatti, 78, 31015 Conegliano TV", "lat": 45.89570, "lon": 12.29370},
  {"indirizzo abitazione": "Via Brandolini, 123, 31015 Conegliano TV", "lat": 45.88250, "lon": 12.30690},
  {"indirizzo abitazione": "Via Colombo, 145, 31015 Conegliano TV", "lat": 45.89690, "lon": 12.29250},
  {"indirizzo abitazione": "Via Manin, 167, 31015 Conegliano TV", "lat": 45.88130, "lon": 12.30810},
  {"indirizzo abitazione": "Via Battisti, 189, 31015 Conegliano TV", "lat": 45.89810, "lon": 12.29130},
  {"indirizzo abitazione": "Via Oberdan, 234, 31015 Conegliano TV", "lat": 45.88010, "lon": 12.30930},
  {"indirizzo abitazione": "Via Diaz, 256, 31015 Conegliano TV", "lat": 45.89930, "lon": 12.29010},
  {"indirizzo abitazione": "Via Cadorna, 278, 31015 Conegliano TV", "lat": 45.87890, "lon": 12.31050},
  {"indirizzo abitazione": "Via Bixio, 123, 31044 Montebelluna TV", "lat": 45.78130, "lon": 12.04460},
  {"indirizzo abitazione": "Via Feltrina Centro, 145, 31044 Montebelluna TV", "lat": 45.77250, "lon": 12.05340},
  {"indirizzo abitazione": "Via Schiavonesca, 167, 31044 Montebelluna TV", "lat": 45.78250, "lon": 12.04340},
  {"indirizzo abitazione": "Via Montegrappa, 189, 31044 Montebelluna TV", "lat": 45.77130, "lon": 12.05460},
  {"indirizzo abitazione": "Via del Lavoro, 234, 31044 Montebelluna TV", "lat": 45.78370, "lon": 12.04220},
  {"indirizzo abitazione": "Via Industria, 256, 31044 Montebelluna TV", "lat": 45.77010, "lon": 12.05580},
  {"indirizzo abitazione": "Via Borgo Treviso, 278, 31044 Montebelluna TV", "lat": 45.78490, "lon": 12.04100},
  {"indirizzo abitazione": "Via Borgo Belluno, 345, 31044 Montebelluna TV", "lat": 45.76890, "lon": 12.05700},
  {"indirizzo abitazione": "Via Borgo Vicenza, 189, 31033 Castelfranco Veneto TV", "lat": 45.67520, "lon": 11.92170},
  {"indirizzo abitazione": "Via Borgo Treviso, 234, 31033 Castelfranco Veneto TV", "lat": 45.66560, "lon": 11.93130},
  {"indirizzo abitazione": "Via Borgo Padova, 256, 31033 Castelfranco Veneto TV", "lat": 45.67640, "lon": 11.92050},
  {"indirizzo abitazione": "Via Borgo Bassano, 278, 31033 Castelfranco Veneto TV", "lat": 45.66440, "lon": 11.93250},
  {"indirizzo abitazione": "Via Borgo Montebelluna, 345, 31033 Castelfranco Veneto TV", "lat": 45.67760, "lon": 11.91930},
  {"indirizzo abitazione": "Via Borgo Trento, 234, 31029 Vittorio Veneto TV", "lat": 46.00330, "lon": 12.29690},
  {"indirizzo abitazione": "Via Borgo Serravalle, 256, 31029 Vittorio Veneto TV", "lat": 45.99490, "lon": 12.30530},
  {"indirizzo abitazione": "Via Borgo Ceneda, 278, 31029 Vittorio Veneto TV", "lat": 46.00450, "lon": 12.29570},
  {"indirizzo abitazione": "Via Borgo San Giacomo, 345, 31029 Vittorio Veneto TV", "lat": 45.99370, "lon": 12.30650},
  {"indirizzo abitazione": "Via Borgo San Lorenzo, 189, 31029 Vittorio Veneto TV", "lat": 46.00570, "lon": 12.29450},
  {"indirizzo abitazione": "Via Opitergina, 145, 31046 Oderzo TV", "lat": 45.78210, "lon": 12.49110},
  {"indirizzo abitazione": "Via Postumia, 167, 31046 Oderzo TV", "lat": 45.77490, "lon": 12.49830},
  {"indirizzo abitazione": "Via Treviso, 189, 31046 Oderzo TV", "lat": 45.78330, "lon": 12.48990},
  {"indirizzo abitazione": "Via Venezia, 234, 31046 Oderzo TV", "lat": 45.77370, "lon": 12.49950},
  {"indirizzo abitazione": "Via Conegliano, 256, 31046 Oderzo TV", "lat": 45.78450, "lon": 12.48870},
  {"indirizzo abitazione": "Via Salgareda, 278, 31046 Oderzo TV", "lat": 45.77250, "lon": 12.50070},
  {"indirizzo abitazione": "Via Torino, 189, 31021 Mogliano Veneto TV", "lat": 45.55790, "lon": 12.23490},
  {"indirizzo abitazione": "Via Milano, 234, 31021 Mogliano Veneto TV", "lat": 45.55070, "lon": 12.24210},
  {"indirizzo abitazione": "Via Roma Nuova, 256, 31021 Mogliano Veneto TV", "lat": 45.55910, "lon": 12.23370},
  {"indirizzo abitazione": "Via Padova, 278, 31021 Mogliano Veneto TV", "lat": 45.54950, "lon": 12.24330},
  {"indirizzo abitazione": "Via Marghera, 345, 31021 Mogliano Veneto TV", "lat": 45.56030, "lon": 12.23250},
  {"indirizzo abitazione": "Via Mestrino, 189, 31048 San Biagio di Callalta TV", "lat": 45.71180, "lon": 12.36610},
  {"indirizzo abitazione": "Via Spercenigo, 234, 31048 San Biagio di Callalta TV", "lat": 45.70700, "lon": 12.37090},
  {"indirizzo abitazione": "Via Maserada, 256, 31048 San Biagio di Callalta TV", "lat": 45.71300, "lon": 12.36490},
  {"indirizzo abitazione": "Via Musestre, 278, 31048 San Biagio di Callalta TV", "lat": 45.70580, "lon": 12.37210},
  {"indirizzo abitazione": "Via Roma, 12, 31020 Vidor TV", "lat": 45.84140, "lon": 12.08850},
  {"indirizzo abitazione": "Via Roma, 12, 31020 Refrontolo TV", "lat": 45.90240, "lon": 12.25850},
  {"indirizzo abitazione": "Via Roma, 12, 31020 Susegana TV", "lat": 45.87640, "lon": 12.25850},
  {"indirizzo abitazione": "Via Roma, 12, 31020 Valdobbiadene TV", "lat": 45.89540, "lon": 11.99850},
  {"indirizzo abitazione": "Via Roma, 12, 31020 Pieve di Soligo TV", "lat": 45.90140, "lon": 12.18850},
  {"indirizzo abitazione": "Via Roma, 12, 31020 Farra di Soligo TV", "lat": 45.90340, "lon": 12.16850},
  {"indirizzo abitazione": "Via Roma, 12, 31020 Follina TV", "lat": 45.95240, "lon": 12.13850},
  {"indirizzo abitazione": "Via Roma, 12, 31020 Miane TV", "lat": 45.95540, "lon": 12.10850},
  {"indirizzo abitazione": "Via Roma, 12, 31020 Cison di Valmarino TV", "lat": 45.97640, "lon": 12.12850},
  {"indirizzo abitazione": "Via Roma, 12, 31020 Revine Lago TV", "lat": 45.99240, "lon": 12.22850},
  {"indirizzo abitazione": "Via Roma, 12, 31020 Tarzo TV", "lat": 45.99640, "lon": 12.19850},
  {"indirizzo abitazione": "Via Roma, 12, 31020 San Pietro di Feletto TV", "lat": 45.92240, "lon": 12.32850},
  {"indirizzo abitazione": "Via Roma, 12, 31020 Colle Umberto TV", "lat": 45.96340, "lon": 12.37850},
  {"indirizzo abitazione": "Via Roma, 12, 31020 San Vendemiano TV", "lat": 45.97840, "lon": 12.40850},
  {"indirizzo abitazione": "Via Roma, 12, 31020 Cappella Maggiore TV", "lat": 45.99340, "lon": 12.37850},
  {"indirizzo abitazione": "Via Roma, 12, 31020 Fregona TV", "lat": 46.01640, "lon": 12.34850},
  {"indirizzo abitazione": "Via Roma, 12, 31020 Sarmede TV", "lat": 46.05240, "lon": 12.41850},
  {"scuola": "Istituto Comprensivo Silea, Via Roma, 45, 31020 Silea TV", "lat": 45.65200, "lon": 12.30900},
  {"scuola": "Istituto Comprensivo Paese, Via Roma, 45, 31020 Paese TV", "lat": 45.67400, "lon": 12.16900},
  {"scuola": "Istituto Comprensivo Zero Branco, Via Roma, 45, 31020 Zero Branco TV", "lat": 45.60200, "lon": 12.14900},
  {"scuola": "Istituto Comprensivo Carbonera, Via Roma, 45, 31020 Carbonera TV", "lat": 45.69500, "lon": 12.31900},
  {"scuola": "Istituto Comprensivo Preganziol, Via Roma, 45, 31020 Preganziol TV", "lat": 45.60600, "lon": 12.30900},
  {"scuola": "Istituto Comprensivo Quinto, Via Roma, 45, 31020 Quinto di Treviso TV", "lat": 45.69200, "lon": 12.17900},
  {"scuola": "Istituto Comprensivo Ponzano, Via Roma, 45, 31050 Ponzano Veneto TV", "lat": 45.68500, "lon": 12.19900},
  {"scuola": "Istituto Comprensivo Arcade, Via Roma, 45, 31050 Arcade TV", "lat": 45.73800, "lon": 12.12900},
  {"scuola": "Istituto Comprensivo Povegliano, Via Roma, 45, 31050 Povegliano TV", "lat": 45.77400, "lon": 12.48900},
  {"scuola": "Istituto Comprensivo Volpago, Via Roma, 45, 31050 Volpago del Montello TV", "lat": 45.78300, "lon": 12.10900},
  {"scuola": "Istituto Comprensivo Giavera, Via Roma, 45, 31050 Giavera del Montello TV", "lat": 45.76500, "lon": 12.09900},
  {"scuola": "Istituto Comprensivo Crocetta, Via Roma, 45, 31050 Crocetta del Montello TV", "lat": 45.76700, "lon": 12.06900},
  {"scuola": "Istituto Comprensivo Cornuda, Via Roma, 45, 31050 Cornuda TV", "lat": 45.79700, "lon": 11.94900},
  {"scuola": "Istituto Comprensivo Maser, Via Roma, 45, 31050 Maser TV", "lat": 45.73200, "lon": 11.95900},
  {"scuola": "Istituto Comprensivo Altivole, Via Roma, 45, 31050 Altivole TV", "lat": 45.72200, "lon": 11.97900},
  {"scuola": "Istituto Comprensivo Riese, Via Roma, 45, 31050 Riese Pio X TV", "lat": 45.71300, "lon": 11.91900},
  {"scuola": "Istituto Comprensivo Vedelago, Via Roma, 45, 31050 Vedelago TV", "lat": 45.67500, "lon": 11.96900},
  {"scuola": "Istituto Comprensivo Istrana, Via Roma, 45, 31050 Istrana TV", "lat": 45.68800, "lon": 12.10900},
  {"scuola": "Istituto Comprensivo Morgano, Via Roma, 45, 31050 Morgano TV", "lat": 45.67000, "lon": 12.06900},
  {"scuola": "Istituto Comprensivo Breda, Via Roma, 45, 31020 Breda di Piave TV", "lat": 45.72800, "lon": 12.42900},
  {"scuola": "Istituto Comprensivo Salgareda, Via Roma, 45, 31020 Salgareda TV", "lat": 45.73100, "lon": 12.48900},
  {"scuola": "Istituto Comprensivo Chiarano, Via Roma, 45, 31020 Chiarano TV", "lat": 45.80100, "lon": 12.46900},
  {"scuola": "Istituto Comprensivo Valdobbiadene, Via Roma, 45, 31020 Valdobbiadene TV", "lat": 45.89500, "lon": 11.99900},
  {"scuola": "Istituto Comprensivo Pieve di Soligo, Via Roma, 45, 31020 Pieve di Soligo TV", "lat": 45.90100, "lon": 12.18900},
  {"scuola": "Istituto Comprensivo Follina, Via Roma, 45, 31020 Follina TV", "lat": 45.95200, "lon": 12.13900},
  {"scuola": "Istituto Comprensivo Fregona, Via Roma, 45, 31020 Fregona TV", "lat": 46.01600, "lon": 12.34900},
  {"impianto sportivo": "Centro Sportivo Silea, Via dello Sport, 31020 Silea TV", "lat": 45.64700, "lon": 12.31500},
  {"impianto sportivo": "Campo Sportivo Paese, Via dello Sport, 31020 Paese TV", "lat": 45.66900, "lon": 12.17500},
  {"impianto sportivo": "Palestra Zero Branco, Via dello Sport, 31020 Zero Branco TV", "lat": 45.59700, "lon": 12.15500},
  {"impianto sportivo": "Centro Sportivo Carbonera, Via dello Sport, 31020 Carbonera TV", "lat": 45.69000, "lon": 12.32500},
  {"impianto sportivo": "Campo Sportivo Preganziol, Via dello Sport, 31020 Preganziol TV", "lat": 45.60100, "lon": 12.31500},
  {"impianto sportivo": "Centro Sportivo Quinto, Via dello Sport, 31020 Quinto di Treviso TV", "lat": 45.68700, "lon": 12.18500},
  {"impianto sportivo": "Palestra Ponzano, Via dello Sport, 31050 Ponzano Veneto TV", "lat": 45.68000, "lon": 12.20500},
  {"impianto sportivo": "Campo Sportivo Arcade, Via dello Sport, 31050 Arcade TV", "lat": 45.73300, "lon": 12.13500},
  {"impianto sportivo": "Centro Sportivo Povegliano, Via dello Sport, 31050 Povegliano TV", "lat": 45.76900, "lon": 12.49500},
  {"impianto sportivo": "Campo Sportivo Volpago, Via dello Sport, 31050 Volpago del Montello TV", "lat": 45.77800, "lon": 12.11500},
  {"impianto sportivo": "Palestra Cornuda, Via dello Sport, 31050 Cornuda TV", "lat": 45.79200, "lon": 11.95500},
  {"impianto sportivo": "Centro Sportivo Valdobbiadene, Via dello Sport, 31020 Valdobbiadene TV", "lat": 45.89000, "lon": 12.00500},
  {"impianto sportivo": "Campo Sportivo Pieve di Soligo, Via dello Sport, 31020 Pieve di Soligo TV", "lat": 45.89600, "lon": 12.19500},
  {"impianto sportivo": "Palestra Follina, Via dello Sport, 31020 Follina TV", "lat": 45.94700, "lon": 12.14500},
  {"impianto lavorativo": "Polo Tecnologico Silea, Via Industria, 31020 Silea TV", "lat": 45.64500, "lon": 12.32000},
  {"impianto lavorativo": "Zona Artigianale Paese, Via Industria, 31020 Paese TV", "lat": 45.66700, "lon": 12.18000},
  {"impianto lavorativo": "Centro Commerciale Zero Branco, Via Industria, 31020 Zero Branco TV", "lat": 45.59500, "lon": 12.16000},
  {"impianto lavorativo": "Polo Logistico Carbonera, Via Industria, 31020 Carbonera TV", "lat": 45.68800, "lon": 12.33000},
  {"impianto lavorativo": "Zona Industriale Preganziol, Via Industria, 31020 Preganziol TV", "lat": 45.59900, "lon": 12.32000},
  {"impianto lavorativo": "Centro Artigianale Quinto, Via Industria, 31020 Quinto di Treviso TV", "lat": 45.68500, "lon": 12.19000},
  {"impianto lavorativo": "Distretto Tessile Arcade, Via Industria, 31050 Arcade TV", "lat": 45.73100, "lon": 12.14000},
  {"impianto lavorativo": "Polo Agroalimentare Povegliano, Via Industria, 31050 Povegliano TV", "lat": 45.76700, "lon": 12.50000},
  {"impianto lavorativo": "Zona Artigianale Volpago, Via Industria, 31050 Volpago del Montello TV", "lat": 45.77600, "lon": 12.12000},
  {"impianto lavorativo": "Centro Commerciale Cornuda, Via Industria, 31050 Cornuda TV", "lat": 45.79000, "lon": 11.96000},
  {"impianto lavorativo": "Distretto Vinicolo Valdobbiadene, Via Industria, 31020 Valdobbiadene TV", "lat": 45.88800, "lon": 12.01000},
  {"impianto lavorativo": "Polo Enologico Pieve di Soligo, Via Industria, 31020 Pieve di Soligo TV", "lat": 45.89400, "lon": 12.20000},
  {"impianto lavorativo": "Centro Artigianale Follina, Via Industria, 31020 Follina TV", "lat": 45.94500, "lon": 12.15000},
  {"rsa": "Casa di Riposo Silea, Via Roma, 189, 31020 Silea TV", "lat": 45.64700, "lon": 12.31200},
  {"rsa": "RSA Paese, Via Roma, 189, 31020 Paese TV", "lat": 45.66900, "lon": 12.17200},
  {"rsa": "Casa di Riposo Zero Branco, Via Roma, 189, 31020 Zero Branco TV", "lat": 45.59700, "lon": 12.15200},
  {"rsa": "RSA Carbonera, Via Roma, 189, 31020 Carbonera TV", "lat": 45.69000, "lon": 12.32200},
  {"rsa": "Casa di Riposo Preganziol, Via Roma, 189, 31020 Preganziol TV", "lat": 45.60100, "lon": 12.31200},
  {"rsa": "RSA Quinto, Via Roma, 189, 31020 Quinto di Treviso TV", "lat": 45.68700, "lon": 12.18200},
  {"rsa": "Casa di Riposo Ponzano, Via Roma, 189, 31050 Ponzano Veneto TV", "lat": 45.68000, "lon": 12.20200},
  {"rsa": "RSA Arcade, Via Roma, 189, 31050 Arcade TV", "lat": 45.73300, "lon": 12.13200},
  {"rsa": "Casa di Riposo Povegliano, Via Roma, 189, 31050 Povegliano TV", "lat": 45.76900, "lon": 12.49200},
  {"rsa": "RSA Volpago, Via Roma, 189, 31050 Volpago del Montello TV", "lat": 45.77800, "lon": 12.11200},
  {"rsa": "Casa di Riposo Cornuda, Via Roma, 189, 31050 Cornuda TV", "lat": 45.79200, "lon": 11.95200},
  {"rsa": "RSA Valdobbiadene, Via Roma, 189, 31020 Valdobbiadene TV", "lat": 45.89000, "lon": 12.00200},
  {"rsa": "Casa di Riposo Pieve di Soligo, Via Roma, 189, 31020 Pieve di Soligo TV", "lat": 45.89600, "lon": 12.19200},
  {"rsa": "RSA Follina, Via Roma, 189, 31020 Follina TV", "lat": 45.94700, "lon": 12.14200},
  {"strada": "SS 13 Pontebbana, km 115, 31020 Silea TV", "lat": 45.65000, "lon": 12.31000},
  {"strada": "A27 Autostrada d'Alemagna, km 15, 31020 Paese TV", "lat": 45.67000, "lon": 12.17000},
  {"strada": "SS 515 Noalese, km 25, 31020 Zero Branco TV", "lat": 45.60000, "lon": 12.15000},
  {"strada": "A28 Portogruaro-Conegliano, km 8, 31020 Carbonera TV", "lat": 45.69000, "lon": 12.32000},
  {"strada": "SS 13 Pontebbana, km 85, 31020 Preganziol TV", "lat": 45.61000, "lon": 12.31000},
  {"strada": "A27 Autostrada d'Alemagna, km 22, 31020 Quinto di Treviso TV", "lat": 45.69000, "lon": 12.18000},
  {"strada": "SS 348 Feltrina, km 18, 31050 Ponzano Veneto TV", "lat": 45.68000, "lon": 12.20000},
  {"strada": "A27 Autostrada d'Alemagna, km 38, 31050 Arcade TV", "lat": 45.73000, "lon": 12.13000},
  {"strada": "A28 Portogruaro-Conegliano, km 18, 31050 Povegliano TV", "lat": 45.77000, "lon": 12.49000},
  {"strada": "SS 348 Feltrina, km 38, 31050 Volpago del Montello TV", "lat": 45.78000, "lon": 12.11000},
  {"strada": "SS 245 Castellana, km 8, 31050 Cornuda TV", "lat": 45.79000, "lon": 11.95000},
  {"strada": "A27 Autostrada d'Alemagna, km 58, 31020 Valdobbiadene TV", "lat": 45.89000, "lon": 12.00000},
  {"strada": "SS 348 Feltrina, km 55, 31020 Pieve di Soligo TV", "lat": 45.90000, "lon": 12.19000},
  {"strada": "A27 Autostrada d'Alemagna, km 75, 31020 Follina TV", "lat": 45.95000, "lon": 12.14000},
  {"strada": "SS 51 di Alemagna, km 165, 31020 Miane TV", "lat": 45.96000, "lon": 12.11000},
  {"strada": "A27 Autostrada d'Alemagna, km 82, 31020 Cison di Valmarino TV", "lat": 45.98000, "lon": 12.13000},
  {"strada": "SS 51 di Alemagna, km 175, 31020 Revine Lago TV", "lat": 45.99000, "lon": 12.23000},
  {"strada": "A27 Autostrada d'Alemagna, km 88, 31020 Tarzo TV", "lat": 46.00000, "lon": 12.20000},
  {"strada": "SS 13 Pontebbana, km 125, 31020 San Pietro di Feletto TV", "lat": 45.92000, "lon": 12.33000},
  {"strada": "A28 Portogruaro-Conegliano, km 28, 31020 Colle Umberto TV", "lat": 45.96000, "lon": 12.38000},
  {"strada": "SS 53 Postumia, km 115, 31020 San Vendemiano TV", "lat": 45.98000, "lon": 12.41000},
  {"strada": "A28 Portogruaro-Conegliano, km 38, 31020 Cappella Maggiore TV", "lat": 45.99000, "lon": 12.38000},
  {"strada": "SS 51 di Alemagna, km 185, 31020 Fregona TV", "lat": 46.02000, "lon": 12.35000},
  {"strada": "A27 Autostrada d'Alemagna, km 95, 31020 Sarmede TV", "lat": 46.05000, "lon": 12.42000},
  {"strada": "A28 Portogruaro-Conegliano, km 12, 31020 Breda di Piave TV", "lat": 45.73000, "lon": 12.43000},
  {"strada": "SS 53 Postumia, km 95, 31020 Salgareda TV", "lat": 45.73000, "lon": 12.49000},
  {"strada": "A28 Portogruaro-Conegliano, km 22, 31020 Chiarano TV", "lat": 45.80000, "lon": 12.47000},
  {"strada": "SS 53 Postumia, km 125, 31020 Gorgo al Monticano TV", "lat": 45.79000, "lon": 12.54000},
  {"strada": "A28 Portogruaro-Conegliano, km 18, 31020 Ormelle TV", "lat": 45.78000, "lon": 12.42000},
  {"strada": "SS 14 della Venezia Giulia, km 45, 31020 Cessalto TV", "lat": 45.75000, "lon": 12.61000},
  {"strada": "A28 Portogruaro-Conegliano, km 8, 31020 San Polo di Piave TV", "lat": 45.78000, "lon": 12.35000},
  {"strada": "SS 13 Pontebbana, km 135, 31020 Vazzola TV", "lat": 45.87000, "lon": 12.36000},
  {"strada": "A28 Portogruaro-Conegliano, km 32, 31020 Godega di Sant'Urbano TV", "lat": 45.95000, "lon": 12.41000},
  {"strada": "SS 53 Postumia, km 135, 31020 Orsago TV", "lat": 45.95000, "lon": 12.45000},
  {"strada": "A28 Portogruaro-Conegliano, km 42, 31020 Cordignano TV", "lat": 45.98000, "lon": 12.47000},
  {"strada": "SS 13 Pontebbana, km 145, 31020 Gaiarine TV", "lat": 45.93000, "lon": 12.49000},
  {"strada": "SS 14 della Venezia Giulia, km 55, 31020 Portobuffolè TV", "lat": 45.85000, "lon": 12.61000},
  {"strada": "A28 Portogruaro-Conegliano, km 2, 31020 Ponte di Piave TV", "lat": 45.71000, "lon": 12.48000},
  {"strada": "SS 53 Postumia, km 88, 31020 Cimadolmo TV", "lat": 45.75000, "lon": 12.45000},
  {"strada": "SS 14 della Venezia Giulia, km 65, 31020 Meduna di Livenza TV", "lat": 45.81000, "lon": 12.65000},
  {"strada": "A28 Portogruaro-Conegliano, km 48, 31020 Motta di Livenza TV", "lat": 45.78000, "lon": 12.62000},
  {"strada": "SS 53 Postumia, km 145, 31020 Mansuè TV", "lat": 45.80000, "lon": 12.59000},
  {"strada": "A28 Portogruaro-Conegliano, km 52, 31020 Fontanelle TV", "lat": 45.83000, "lon": 12.55000}
]
