{
  "Sheet1": [
    {
      "Nome Postazione": "Croce Bianca - Torri del Benaco",
      "Coordinate Postazione": "45.60727,10.68583",
      "Mezzo": "MSB",
      "Nome radio": "PAPA BARAVO 31",
      "Convenzione": "H24",
      "Orario di lavoro": "00:00-00:00",
      "Giorni": "LUN-DOM",
      "note": "estiva"
    },
    {
      "Nome Postazione": "Croce Bianca Verona - Bussolengo",
      "Coordinate Postazione": "45.47303,10.88865",
      "Mezzo": "MSI",
      "Nome radio": "DELTA INDIA 02",
      "Convenzione": "H24",
      "Orario di lavoro": "8:00-8:00",
      "Giorni": "SAB-DOM",
      "note": ""
    },
    {
      "Nome Postazione": "Croce Bianca Verona - Sede Storica",
      "Coordinate Postazione": "45.443276,10.97615",
      "Mezzo": "STEN",
      "Nome radio": "CHARLIE 10",
      "Convenzione": "H24",
      "Orario di lavoro": "00:00-00:00",
      "Giorni": "LUN-DOM",
      "note": "STEN"
    },
    {
      "Nome Postazione": "Croce Blu Verona",
      "Coordinate Postazione": "45.422252,11.087711",
      "Mezzo": "MSB",
      "Nome radio": "SIERRA BRAVO 30",
      "Convenzione": "H12",
      "Orario di lavoro": "7:00-19:00",
      "Giorni": "LUN-DOM",
      "note": ""
    },
    {
      "Nome Postazione": "Croce Rossa Italiana - Cerea",
      "Coordinate Postazione": "45.186864,11.191593",
      "Mezzo": "MSB",
      "Nome radio": "LIMA BRAVO 30",
      "Convenzione": "H24",
      "Orario di lavoro": "00:00-00:00",
      "Giorni": "LUN-DOM",
      "note": ""
    },
    {
      "Nome Postazione": "Croce Rossa Italiana - S. Giovanni Ilarione",
      "Coordinate Postazione": "45.524652,11.235378",
      "Mezzo": "MSB",
      "Nome radio": "SIERRA BRAVO 31",
      "Convenzione": "H9",
      "Orario di lavoro": "21:00-6:00",
      "Giorni": "LUN-DOM",
      "note": ""
    },
    {
      "Nome Postazione": "Croce Rossa Italiana - S. Giovanni Ilarione",
      "Coordinate Postazione": "45.524652,11.235378",
      "Mezzo": "MSB",
      "Nome radio": "SIERRA BRAVO 31",
      "Convenzione": "H24",
      "Orario di lavoro": "6:00-21:00",
      "Giorni": "SAB-DOM",
      "note": ""
    },
    {
      "Nome Postazione": "Croce Rossa Italiana - Verona",
      "Coordinate Postazione": "45.43923,10.96071",
      "Mezzo": "MSI",
      "Nome radio": "CHARLIE INDIA 02",
      "Convenzione": "H24",
      "Orario di lavoro": "00:00-00:00",
      "Giorni": "LUN-DOM",
      "note": ""
    },
    {
      "Nome Postazione": "Croce Verde Verona - Borgo Roma",
      "Coordinate Postazione": "45.412365,10.989081",
      "Mezzo": "MSB",
      "Nome radio": "CHARLIE BRAVO 31",
      "Convenzione": "H24",
      "Orario di lavoro": "00:00-00:00",
      "Giorni": "LUN-DOM",
      "note": ""
    },
    {
      "Nome Postazione": "Croce Verde Verona - Borgo Roma",
      "Coordinate Postazione": "45.412365,10.989081",
      "Mezzo": "MSB",
      "Nome radio": "CHARLIE BRAVO 32",
      "Convenzione": "H24",
      "Orario di lavoro": "00:00-00:00",
      "Giorni": "LUN-DOM",
      "note": ""
    },
    {
      "Nome Postazione": "Croce Verde Verona - Borgo Venezia",
      "Coordinate Postazione": "45.4332968,11.050054",
      "Mezzo": "VLV",
      "Nome radio": "CHARLIE 20",
      "Convenzione": "H24",
      "Orario di lavoro": "00:00-00:00",
      "Giorni": "LUN-DOM",
      "note": ""
    },
    {
      "Nome Postazione": "Croce Verde Verona - Borgo Venezia",
      "Coordinate Postazione": "45.4332968,11.050054",
      "Mezzo": "MSI",
      "Nome radio": "CHARLIE INDIA 04",
      "Convenzione": "H24",
      "Orario di lavoro": "00:00-00:00",
      "Giorni": "LUN-DOM",
      "note": ""
    },
    {
      "Nome Postazione": "Croce Verde Verona - Castel D Azzano",
      "Coordinate Postazione": "45.358567,10.944701",
      "Mezzo": "MSB",
      "Nome radio": "CHARLIE BRAVO 30",
      "Convenzione": "H10",
      "Orario di lavoro": "20:00-6:00",
      "Giorni": "LUN-VEN",
      "note": ""
    },
    {
      "Nome Postazione": "Croce Verde Verona - Castel D Azzano",
      "Coordinate Postazione": "45.358567,10.944701",
      "Mezzo": "MSB",
      "Nome radio": "CHARLIE BRAVO 30",
      "Convenzione": "H24",
      "Orario di lavoro": "18:00-18:00",
      "Giorni": "SAB-DOM",
      "note": ""
    },
    {
      "Nome Postazione": "Croce Verde Verona - Centro Storico",
      "Coordinate Postazione": "45.445107,10.993709",
      "Mezzo": "MSB",
      "Nome radio": "CHARLIE BRAVO 33",
      "Convenzione": "H24",
      "Orario di lavoro": "00:00-00:00",
      "Giorni": "LUN-DOM",
      "note": ""
    },
    {
      "Nome Postazione": "Croce Verde Verona - Centro Storico",
      "Coordinate Postazione": "45.445107,10.993709",
      "Mezzo": "MSI",
      "Nome radio": "CHARLIE INDIA 01",
      "Convenzione": "H24",
      "Orario di lavoro": "00:00-00:00",
      "Giorni": "LUN-DOM",
      "note": ""
    },
    {
      "Nome Postazione": "Croce Verde Verona - Colognola",
      "Coordinate Postazione": "45.429208,11.180694",
      "Mezzo": "MSI",
      "Nome radio": "SIERRA INDIA 02",
      "Convenzione": "H24",
      "Orario di lavoro": "00:00-00:00",
      "Giorni": "LUN-DOM",
      "note": ""
    },
    {
      "Nome Postazione": "Croce Verde Verona - Grezzana",
      "Coordinate Postazione": "45.517859,11.018245",
      "Mezzo": "MSI",
      "Nome radio": "CHARLIE INDIA 03",
      "Convenzione": "H24",
      "Orario di lavoro": "00:00-00:00",
      "Giorni": "LUN-DOM",
      "note": ""
    },
    {
      "Nome Postazione": "Croce Verde Verona - Legnago",
      "Coordinate Postazione": "45.20986,11.32073",
      "Mezzo": "MSI",
      "Nome radio": "LIMA INDIA 02",
      "Convenzione": "H24",
      "Orario di lavoro": "00:00-00:00",
      "Giorni": "LUN-DOM",
      "note": ""
    },
    {
      "Nome Postazione": "Croce Verde Verona - Lessinia",
      "Coordinate Postazione": "45.572779,11.03757",
      "Mezzo": "MSB",
      "Nome radio": "CHARLIE BRAVO 34",
      "Convenzione": "H9",
      "Orario di lavoro": "21:00-6:00",
      "Giorni": "LUN-DOM",
      "note": ""
    },
    {
      "Nome Postazione": "Croce Verde Verona - Lessinia",
      "Coordinate Postazione": "45.572779,11.03757",
      "Mezzo": "MSB",
      "Nome radio": "CHARLIE BRAVO 34",
      "Convenzione": "H24",
      "Orario di lavoro": "6:00-21:00",
      "Giorni": "SAB-DOM",
      "note": ""
    },
    {
      "Nome Postazione": "Croce Verde Verona - San Giovanni Lupatoto",
      "Coordinate Postazione": "45.386859,11.03856",
      "Mezzo": "MSI",
      "Nome radio": "CHARLIE INDIA 05",
      "Convenzione": "H24",
      "Orario di lavoro": "00:00-00:00",
      "Giorni": "LUN-DOM",
      "note": ""
    },
    {
      "Nome Postazione": "Croce Verde Verona - Villafranca",
      "Coordinate Postazione": "45.3606742,10.8560392",
      "Mezzo": "VLV",
      "Nome radio": "VICTOR 20",
      "Convenzione": "H24",
      "Orario di lavoro": "00:00-00:00",
      "Giorni": "LUN-DOM",
      "note": ""
    },
    {
      "Nome Postazione": "Croce Verde Verona - Villafranca",
      "Coordinate Postazione": "45.3606742,10.8560392",
      "Mezzo": "MSB",
      "Nome radio": "VICTOR BRAVO 30",
      "Convenzione": "H24",
      "Orario di lavoro": "00:00-00:00",
      "Giorni": "LUN-VEN",
      "note": ""
    },
    {
      "Nome Postazione": "Croce Verde Verona - Villafranca",
      "Coordinate Postazione": "45.3606742,10.8560392",
      "Mezzo": "MSI",
      "Nome radio": "VICTOR INDIA 01",
      "Convenzione": "H24",
      "Orario di lavoro": "00:00-00:00",
      "Giorni": "LUN-DOM",
      "note": ""
    },
    {
      "Nome Postazione": "Elisoccorso Verona",
      "Coordinate Postazione": "45.4617754,10.9521643",
      "Mezzo": "VLV",
      "Nome radio": "ALPHA 21",
      "Convenzione": "H12",
      "Orario di lavoro": "06:30-20:30",
      "Giorni": "LUN-DOM",
      "note": ""
    },
    {
      "Nome Postazione": "Elisoccorso Verona",
      "Coordinate Postazione": "45.4617754,10.9521643",
      "Mezzo": "ELI",
      "Nome radio": "LEONE 03",
      "Convenzione": "H12",
      "Orario di lavoro": "06:30-20:30",
      "Giorni": "LUN-DOM",
      "note": ""
    },
    {
      "Nome Postazione": "SOS - Sona",
      "Coordinate Postazione": "45.4334082,10.8323975",
      "Mezzo": "MSB",
      "Nome radio": "PAPA BRAVO 30",
      "Convenzione": "H24",
      "Orario di lavoro": "00:00-00:00",
      "Giorni": "LUN-DOM",
      "note": ""
    },
    {
      "Nome Postazione": "SOS - Valeggio",
      "Coordinate Postazione": "45.35694,10.74195",
      "Mezzo": "MSI",
      "Nome radio": "VICTOR INDIA 03",
      "Convenzione": "H24",
      "Orario di lavoro": "00:00-00:00",
      "Giorni": "LUN-DOM",
      "note": ""
    },
    {
      "Nome Postazione": "SUEM 118 - Bovolone",
      "Coordinate Postazione": "45.260955,11.120268",
      "Mezzo": "VLV",
      "Nome radio": "LIMA 20",
      "Convenzione": "H24",
      "Orario di lavoro": "00:00-00:00",
      "Giorni": "LUN-DOM",
      "note": ""
    },
    {
      "Nome Postazione": "SUEM 118 - Bussolengo",
      "Coordinate Postazione": "45.4753599,10.8501933",
      "Mezzo": "MSI",
      "Nome radio": "DELTA INDIA 02",
      "Convenzione": "H24",
      "Orario di lavoro": "8:00-8:00",
      "Giorni": "LUN-VEN",
      "note": ""
    },
    {
      "Nome Postazione": "SUEM 118 - Caprino veronese",
      "Coordinate Postazione": "45.6088831,10.7970259",
      "Mezzo": "VLV",
      "Nome radio": "PAPA 20",
      "Convenzione": "H24",
      "Orario di lavoro": "00:00-00:00",
      "Giorni": "LUN-DOM",
      "note": ""
    },
    {
      "Nome Postazione": "SUEM 118 - Caprino veronese",
      "Coordinate Postazione": "45.6088831,10.7970259",
      "Mezzo": "MSI",
      "Nome radio": "PAPA INDIA 05",
      "Convenzione": "H24",
      "Orario di lavoro": "00:00-00:00",
      "Giorni": "LUN-DOM",
      "note": ""
    },
    {
      "Nome Postazione": "SUEM 118 - Cologna Veneta",
      "Coordinate Postazione": "45.307546,11.381255",
      "Mezzo": "MSI",
      "Nome radio": "SIERRA INDIA 04",
      "Convenzione": "H24",
      "Orario di lavoro": "00:00-00:00",
      "Giorni": "LUN-DOM",
      "note": ""
    },
    {
      "Nome Postazione": "SUEM 118 - Costermano sul Garda",
      "Coordinate Postazione": "45.586088,10.73698",
      "Mezzo": "MSI",
      "Nome radio": "PAPA INDIA 04",
      "Convenzione": "H12",
      "Orario di lavoro": "7:00-19:00",
      "Giorni": "LUN-DOM",
      "note": "estiva"
    },
    {
      "Nome Postazione": "SUEM 118 - Garda",
      "Coordinate Postazione": "45.574816,10.710144",
      "Mezzo": "MSI",
      "Nome radio": "PAPA INDIA 02",
      "Convenzione": "H24",
      "Orario di lavoro": "00:00-00:00",
      "Giorni": "LUN-DOM",
      "note": ""
    },
    {
      "Nome Postazione": "SUEM 118 - Isola della Scala",
      "Coordinate Postazione": "45.26861,11.00682",
      "Mezzo": "MSI",
      "Nome radio": "VICTOR INDIA 02",
      "Convenzione": "H24",
      "Orario di lavoro": "00:00-00:00",
      "Giorni": "LUN-DOM",
      "note": ""
    },
    {
      "Nome Postazione": "SUEM 118 - Isola Rizza",
      "Coordinate Postazione": "45.29429,11.19936",
      "Mezzo": "MSI",
      "Nome radio": "LIMA INDIA 03",
      "Convenzione": "H24",
      "Orario di lavoro": "00:00-00:00",
      "Giorni": "LUN-DOM",
      "note": ""
    },
    {
      "Nome Postazione": "SUEM 118 - Legnago",
      "Coordinate Postazione": "45.1857597,11.3151351",
      "Mezzo": "CMR",
      "Nome radio": "LIMA 10",
      "Convenzione": "H24",
      "Orario di lavoro": "00:00-00:00",
      "Giorni": "LUN-DOM",
      "note": "CMR"
    },
    {
      "Nome Postazione": "SUEM 118 - Legnago",
      "Coordinate Postazione": "45.1857597,11.3151351",
      "Mezzo": "MSI",
      "Nome radio": "LIMA INDIA 01",
      "Convenzione": "H24",
      "Orario di lavoro": "00:00-00:00",
      "Giorni": "LUN-DOM",
      "note": ""
    },
    {
      "Nome Postazione": "SUEM 118 - Malcesine",
      "Coordinate Postazione": "45.7509435,10.7978884",
      "Mezzo": "MSA",
      "Nome radio": "PAPA INDIA 03",
      "Convenzione": "H24",
      "Orario di lavoro": "00:00-00:00",
      "Giorni": "LUN-DOM",
      "note": ""
    },
    {
      "Nome Postazione": "SUEM 118 - Negrar",
      "Coordinate Postazione": "45.53034,10.93641",
      "Mezzo": "VLV",
      "Nome radio": "DELTA 20",
      "Convenzione": "H24",
      "Orario di lavoro": "00:00-00:00",
      "Giorni": "LUN-DOM",
      "note": ""
    },
    {
      "Nome Postazione": "SUEM 118 - Negrar",
      "Coordinate Postazione": "45.53034,10.93641",
      "Mezzo": "MSI",
      "Nome radio": "DELTA INDIA 01",
      "Convenzione": "H24",
      "Orario di lavoro": "00:00-00:00",
      "Giorni": "LUN-DOM",
      "note": ""
    },
    {
      "Nome Postazione": "SUEM 118 - Nogara",
      "Coordinate Postazione": "45.1680451,11.0473292",
      "Mezzo": "MSI",
      "Nome radio": "LIMA INDIA 04",
      "Convenzione": "H24",
      "Orario di lavoro": "00:00-00:00",
      "Giorni": "LUN-DOM",
      "note": ""
    },
    {
      "Nome Postazione": "SUEM 118 - Peschiera del Garda",
      "Coordinate Postazione": "45.4442924,10.7067584",
      "Mezzo": "MSI",
      "Nome radio": "PAPA INDIA 01",
      "Convenzione": "H24",
      "Orario di lavoro": "00:00-00:00",
      "Giorni": "LUN-DOM",
      "note": ""
    },
    {
      "Nome Postazione": "SUEM 118 - San Bonifacio",
      "Coordinate Postazione": "45.391161,11.2786709",
      "Mezzo": "VLV",
      "Nome radio": "SIERRA 20",
      "Convenzione": "H12",
      "Orario di lavoro": "19:00-7:00",
      "Giorni": "LUN-DOM",
      "note": ""
    },
    {
      "Nome Postazione": "SUEM 118 - San Bonifacio",
      "Coordinate Postazione": "45.391161,11.2786709",
      "Mezzo": "MSI",
      "Nome radio": "SIERRA INDIA 01",
      "Convenzione": "H24",
      "Orario di lavoro": "00:00-00:00",
      "Giorni": "LUN-DOM",
      "note": ""
    },
    {
      "Nome Postazione": "SUEM 118 - San Bonifacio",
      "Coordinate Postazione": "45.391161,11.2786709",
      "Mezzo": "CMR",
      "Nome radio": "SIERRA 10",
      "Convenzione": "H24",
      "Orario di lavoro": "00:00-00:00",
      "Giorni": "LUN-DOM",
      "note": "CMR"
    },
    {
      "Nome Postazione": "SUEM 118 - Tregnago",
      "Coordinate Postazione": "45.516047,11.163983",
      "Mezzo": "MSI",
      "Nome radio": "SIERRA INDIA 03",
      "Convenzione": "H24",
      "Orario di lavoro": "00:00-00:00",
      "Giorni": "LUN-DOM",
      "note": ""
    },
    {
      "Nome Postazione": "SUEM 118 - Verona",
      "Coordinate Postazione": "45.40165,10.99253",
      "Mezzo": "MSI",
      "Nome radio": "ALPHA 01",
      "Convenzione": "H12",
      "Orario di lavoro": "8:00-20:00",
      "Giorni": "LUN-DOM",
      "note": ""
    },
    {
      "Nome Postazione": "SUEM 118 - Verona",
      "Coordinate Postazione": "45.40165,10.99253",
      "Mezzo": "VLV",
      "Nome radio": "ALPHA 20",
      "Convenzione": "H24",
      "Orario di lavoro": "00:00-00:00",
      "Giorni": "LUN-DOM",
      "note": ""
    },
    {
      "Nome Postazione": "SUEM 118 - Villafranca",
      "Coordinate Postazione": "45.3479852,10.8397669",
      "Mezzo": "CMR",
      "Nome radio": "VICTOR 10",
      "Convenzione": "H24",
      "Orario di lavoro": "00:00-00:00",
      "Giorni": "LUN-DOM",
      "note": "CMR"
    }
  ]
}