[
  {
    "Nome Postazione": "Ambulanza Donatori di Sangue - Forno di Zoldo",
    "Coordinate Postazione": "46.346481,12.180476",
    "Mezzo": "MSB",
    "Nome radio": "MIKE 01",
    "Convenzione": "H24",
    "Orario di lavoro": "00:00-00:00",
    "Giorni": "LUN-DOM",
    "note": null
  },
  {
    "Nome Postazione": "Ambulanza Donatori di Sangue - Forno di Zoldo",
    "Coordinate Postazione": "46.346481,12.180476",
    "Mezzo": "MSB",
    "Nome radio": "MIKE 02",
    "Convenzione": "H12",
    "Orario di lavoro": "08:00-20:00",
    "Giorni": "LUN-DOM",
    "note": null
  },
  {
    "Nome Postazione": "Croce Bianca - Colle Santa Lucia",
    "Coordinate Postazione": "46.4497645,12.0148372",
    "Mezzo": "MSB",
    "Nome radio": "COLLE 21",
    "Convenzione": "H24",
    "Orario di lavoro": "00:00-00:00",
    "Giorni": "LUN-DOM",
    "note": null
  },
  {
    "Nome Postazione": "Croce Bianca - Colle Santa Lucia",
    "Coordinate Postazione": "46.4497645,12.0148372",
    "Mezzo": "MSB",
    "Nome radio": "COLLE 22",
    "Convenzione": "H12",
    "Orario di lavoro": "08:00-20:00",
    "Giorni": "LUN-DOM",
    "note": null
  },
  {
    "Nome Postazione": "Croce Bianca - Cortina",
    "Coordinate Postazione": "46.530829,12.140668",
    "Mezzo": "MSB",
    "Nome radio": "CHARLIE BRAVO 059",
    "Convenzione": "H24",
    "Orario di lavoro": "00:00-00:00",
    "Giorni": "LUN-DOM",
    "note": null
  },
  {
    "Nome Postazione": "Croce Bianca - Cortina",
    "Coordinate Postazione": "46.530829,12.140668",
    "Mezzo": "MSB",
    "Nome radio": "CHARLIE BRAVO 064",
    "Convenzione": "H24",
    "Orario di lavoro": "00:00-00:00",
    "Giorni": "LUN-DOM",
    "note": null
  },
  {
    "Nome Postazione": "Croce Bianca - Cortina",
    "Coordinate Postazione": "46.530829,12.140668",
    "Mezzo": "MSB",
    "Nome radio": "CHARLIE BRAVO 072",
    "Convenzione": "H10",
    "Orario di lavoro": "09:00-19:00",
    "Giorni": "LUN-DOM",
    "note": null
  },
  {
    "Nome Postazione": "Croce Bianca - Cortina",
    "Coordinate Postazione": "46.530829,12.140668",
    "Mezzo": "MSB",
    "Nome radio": "CHARLIE BRAVO 722",
    "Convenzione": "H12",
    "Orario di lavoro": "08:00-20:00",
    "Giorni": "LUN-DOM",
    "note": null
  },
  {
    "Nome Postazione": "Croce Bianca - Livinallongo/Arabba",
    "Coordinate Postazione": "46.497887,11.876567",
    "Mezzo": "MSB",
    "Nome radio": "CHARLIE BRAVO 619",
    "Convenzione": "H10",
    "Orario di lavoro": "08:00-18:00",
    "Giorni": "LUN-DOM",
    "note": null
  },
  {
    "Nome Postazione": "Croce Bianca - Livinallongo/Arabba",
    "Coordinate Postazione": "46.497887,11.876567",
    "Mezzo": "MSB",
    "Nome radio": "CHARLIE BRAVO 631",
    "Convenzione": "H24",
    "Orario di lavoro": "00:00-00:00",
    "Giorni": "LUN-DOM",
    "note": null
  },
  {
    "Nome Postazione": "Croce Bianca - Livinallongo/Arabba",
    "Coordinate Postazione": "46.497887,11.876567",
    "Mezzo": "MSB",
    "Nome radio": "CHARLIE BRAVO 754",
    "Convenzione": "H24",
    "Orario di lavoro": "00:00-00:00",
    "Giorni": "LUN-DOM",
    "note": null
  },
  {
    "Nome Postazione": "Croce Bianca - Livinallongo/Arabba",
    "Coordinate Postazione": "46.497887,11.876567",
    "Mezzo": "MSB",
    "Nome radio": "CHARLIE BRAVO 761",
    "Convenzione": "REP",
    "Orario di lavoro": "00:00-00:00",
    "Giorni": "LUN-DOM",
    "note": "REPERIBILE"
  },
  {
    "Nome Postazione": "Croce Bianca - Livinallongo/Arabba",
    "Coordinate Postazione": "46.497887,11.876567",
    "Mezzo": "MSB",
    "Nome radio": "CHARLIE BRAVO 881",
    "Convenzione": "H24",
    "Orario di lavoro": "00:00-00:00",
    "Giorni": "LUN-DOM",
    "note": null
  },
  {
    "Nome Postazione": "Croce bianca Val Fiorentina - Selva di Cadore",
    "Coordinate Postazione": "46.44484,12.060085",
    "Mezzo": "MSB",
    "Nome radio": "SELVA 14",
    "Convenzione": "H12 ",
    "Orario di lavoro": "08:00-20:00",
    "Giorni": "LUN-DOM",
    "note": null
  },
  {
    "Nome Postazione": "Croce bianca Val Fiorentina - Selva di Cadore",
    "Coordinate Postazione": "46.44484,12.060085",
    "Mezzo": "MSB",
    "Nome radio": "SELVA 25",
    "Convenzione": "REP ",
    "Orario di lavoro": "00:00-00:00",
    "Giorni": "LUN-DOM",
    "note": "REPERIBILE"
  },
  {
    "Nome Postazione": "Croce bianca Val Fiorentina - Selva di Cadore",
    "Coordinate Postazione": "46.44484,12.060085",
    "Mezzo": "MSB",
    "Nome radio": "SELVA 26",
    "Convenzione": "H24 ",
    "Orario di lavoro": "00:00-00:00",
    "Giorni": "LUN-DOM",
    "note": null
  },
  {
    "Nome Postazione": "Croce Rossa Italiana - Belluno",
    "Coordinate Postazione": "46.166777,12.243694",
    "Mezzo": "MSB",
    "Nome radio": "CHARLIE ROMEO 3",
    "Convenzione": "H12",
    "Orario di lavoro": "08:00-14:00",
    "Giorni": "LUN-DOM",
    "note": null
  },
  {
    "Nome Postazione": "Croce Rossa Italiana - Belluno",
    "Coordinate Postazione": "46.166777,12.243694",
    "Mezzo": "MSB",
    "Nome radio": "CHARLIE ROMEO 4",
    "Convenzione": "H12",
    "Orario di lavoro": "14:00-20:00",
    "Giorni": "LUN-DOM",
    "note": null
  },
  {
    "Nome Postazione": "Croce Rossa Italiana - Belluno",
    "Coordinate Postazione": "46.166777,12.243694",
    "Mezzo": "MSB",
    "Nome radio": "CHARLIE ROMEO 5",
    "Convenzione": "H24",
    "Orario di lavoro": "00:00-00:00",
    "Giorni": "LUN-DOM",
    "note": null
  },
  {
    "Nome Postazione": "Croce Rossa Italiana - Belluno",
    "Coordinate Postazione": "46.166777,12.243694",
    "Mezzo": "MSB",
    "Nome radio": "CHARLIE ROMEO 7",
    "Convenzione": "H12",
    "Orario di lavoro": "08:00-14:00",
    "Giorni": "LUN-DOM",
    "note": null
  },
  {
    "Nome Postazione": "Croce Rossa Italiana - Belluno",
    "Coordinate Postazione": "46.166777,12.243694",
    "Mezzo": "MSB",
    "Nome radio": "CHARLIE ROMEO 11",
    "Convenzione": "H12",
    "Orario di lavoro": "14:00-20:00",
    "Giorni": "LUN-DOM",
    "note": null
  },
  {
    "Nome Postazione": "Croce Rossa Italiana - Feltre",
    "Coordinate Postazione": "46.019256,11.905211",
    "Mezzo": "MSB",
    "Nome radio": "ROMEO FOX 14",
    "Convenzione": "H12",
    "Orario di lavoro": "08:00-20:00",
    "Giorni": "LUN-VEN",
    "note": null
  },
  {
    "Nome Postazione": "Croce Rossa Italiana - Feltre",
    "Coordinate Postazione": "46.019256,11.905211",
    "Mezzo": "MSB",
    "Nome radio": "ROMEO FOX 15",
    "Convenzione": "H12",
    "Orario di lavoro": "08:00-20:00",
    "Giorni": "LUN-DOM",
    "note": null
  },
  {
    "Nome Postazione": "Croce Rossa Italiana - Feltre",
    "Coordinate Postazione": "46.019256,11.905211",
    "Mezzo": "MSB",
    "Nome radio": "ROMEO FOX 16",
    "Convenzione": "H24",
    "Orario di lavoro": "00:00-00:00",
    "Giorni": "LUN-DOM",
    "note": null
  },
  {
    "Nome Postazione": "Croce Rossa Italiana - Fener",
    "Coordinate Postazione": "45.9035208,11.942911",
    "Mezzo": "MSB",
    "Nome radio": "ROMEO ALFA 03",
    "Convenzione": "H24",
    "Orario di lavoro": "00:00-00:00",
    "Giorni": "LUN-DOM",
    "note": null
  },
  {
    "Nome Postazione": "Croce Verde - Alleghe",
    "Coordinate Postazione": "46.40189,12.017789",
    "Mezzo": "MSB",
    "Nome radio": "ALLEGHE 15",
    "Convenzione": "REP",
    "Orario di lavoro": "00:00-00:00",
    "Giorni": "LUN-DOM",
    "note": "REPERIBILE"
  },
  {
    "Nome Postazione": "Croce Verde - Alleghe",
    "Coordinate Postazione": "46.40189,12.017789",
    "Mezzo": "MSB",
    "Nome radio": "ALLEGHE 16",
    "Convenzione": "H12",
    "Orario di lavoro": "08:00-20:00",
    "Giorni": "LUN-DOM",
    "note": null
  },
  {
    "Nome Postazione": "Croce Verde - Alleghe",
    "Coordinate Postazione": "46.40189,12.017789",
    "Mezzo": "MSB",
    "Nome radio": "ALLEGHE 17",
    "Convenzione": "H24",
    "Orario di lavoro": "00:00-00:00",
    "Giorni": "LUN-DOM",
    "note": null
  },
  {
    "Nome Postazione": "Croce Verde - Alleghe",
    "Coordinate Postazione": "46.40189,12.017789",
    "Mezzo": "MSI",
    "Nome radio": "ECHO 02",
    "Convenzione": "H24",
    "Orario di lavoro": "00:00-00:00",
    "Giorni": "LUN-DOM",
    "note": "ESTIVA VIENE SPOSTATA DALLA POSTAZIONE DI AGORDO"
  },
  {
    "Nome Postazione": "Croce Verde Val Biois - Falcade",
    "Coordinate Postazione": "46.35941,11.88731",
    "Mezzo": "MSB",
    "Nome radio": "BIOIS 08",
    "Convenzione": "H12",
    "Orario di lavoro": "08:00-20:00",
    "Giorni": "LUN-DOM",
    "note": null
  },
  {
    "Nome Postazione": "Croce Verde Val Biois - Falcade",
    "Coordinate Postazione": "46.35941,11.88731",
    "Mezzo": "MSB",
    "Nome radio": "BIOIS 23",
    "Convenzione": "REP",
    "Orario di lavoro": "00:00-00:00",
    "Giorni": "LUN-DOM",
    "note": "REPERIBILE"
  },
  {
    "Nome Postazione": "Croce Verde Val Biois - Falcade",
    "Coordinate Postazione": "46.35941,11.88731",
    "Mezzo": "MSB",
    "Nome radio": "BIOIS 26",
    "Convenzione": "H24",
    "Orario di lavoro": "00:00-00:00",
    "Giorni": "LUN-DOM",
    "note": null
  },
  {
    "Nome Postazione": "Croce Verde Val Biois - Pisoliva",
    "Coordinate Postazione": "46.3674553,11.8985167",
    "Mezzo": "MSB",
    "Nome radio": "BIOIS 24",
    "Convenzione": "H12",
    "Orario di lavoro": "08:00-20:00",
    "Giorni": "LUN-DOM",
    "note": null
  },
  {
    "Nome Postazione": "Croce Verde - Zoldo Alto",
    "Coordinate Postazione": "46.375459,12.126805",
    "Mezzo": "MSB",
    "Nome radio": "ZULU 03",
    "Convenzione": "H12",
    "Orario di lavoro": "08:00-20:00",
    "Giorni": "LUN-DOM",
    "note": null
  },
  {
    "Nome Postazione": "Croce Verde - Zoldo Alto",
    "Coordinate Postazione": "46.375459,12.126805",
    "Mezzo": "MSB",
    "Nome radio": "ZULU 04",
    "Convenzione": "REP",
    "Orario di lavoro": "00:00-00:00",
    "Giorni": "LUN-DOM",
    "note": "REPERIBILE"
  },
  {
    "Nome Postazione": "Croce Verde - Zoldo Alto",
    "Coordinate Postazione": "46.375459,12.126805",
    "Mezzo": "MSB",
    "Nome radio": "ZULU 05",
    "Convenzione": "H24",
    "Orario di lavoro": "00:00-00:00",
    "Giorni": "LUN-DOM",
    "note": null
  },
  {
    "Nome Postazione": "Elisococrso - Pieve di Cadore",
    "Coordinate Postazione": "46.432077,12.376286",
    "Mezzo": "ELI",
    "Nome radio": "FALCO 01",
    "Convenzione": "H16",
    "Orario di lavoro": "06:30-22:30",
    "Giorni": "LUN-DOM",
    "note": "IL FINE SERVIZIO DI FALCO è ALLE 21:30 NON EFFEMERIDI - SE NON VOLA VEDI TANGO 2 PIEVE"
  },
  {
    "Nome Postazione": "Elisococrso - Belluno",
    "Coordinate Postazione": "46.16843,12.25089",
    "Mezzo": "ELI",
    "Nome radio": "FALCO 02",
    "Convenzione": "H14",
    "Orario di lavoro": "06:30-20:30",
    "Giorni": "LUN-DOM",
    "note": "STAGIONALE DA GIUGNO A SETTEMBRE E DA NOVEMBRE AD APRILE - SE NON VOLA ATTIVA TANGO 8"
  },
  {
    "Nome Postazione": "Elisococrso - Belluno",
    "Coordinate Postazione": "",
    "Mezzo": "VLV",
    "Nome radio": "TANGO 08",
    "Convenzione": "H14",
    "Orario di lavoro": "06:30-20:30",
    "Giorni": "LUN-DOM",
    "note": "SE NON VOLA FALCO 2"
  },
  {
    "Nome Postazione": "Emergenza Volontari Ambulanze Puos d'Alpago",
    "Coordinate Postazione": "46.13842,12.364403",
    "Mezzo": "MSB",
    "Nome radio": "VICTOR 01",
    "Convenzione": "H24",
    "Orario di lavoro": "00:00-00:00",
    "Giorni": "LUN-DOM",
    "note": null
  },
  {
    "Nome Postazione": "Emergenza Volontari Ambulanze Puos d'Alpago",
    "Coordinate Postazione": "46.13842,12.364403",
    "Mezzo": "MSB",
    "Nome radio": "VICTOR 02",
    "Convenzione": "REP",
    "Orario di lavoro": "00:00-00:00",
    "Giorni": "LUN-DOM",
    "note": "REPERIBILE"
  },
  {
    "Nome Postazione": "Emergenza Volontari Ambulanze Puos d'Alpago",
    "Coordinate Postazione": "46.13842,12.364403",
    "Mezzo": "MSB",
    "Nome radio": "VICTOR 03",
    "Convenzione": "H24",
    "Orario di lavoro": "00:00-00:00",
    "Giorni": "LUN-DOM",
    "note": null
  },
  {
    "Nome Postazione": "SUEM 118 - Agordo",
    "Coordinate Postazione": "46.283958,12.038924",
    "Mezzo": "MSA",
    "Nome radio": "ECHO 01",
    "Convenzione": "H24",
    "Orario di lavoro": "00:00-00:00",
    "Giorni": "LUN-DOM",
    "note": null
  },
  {
    "Nome Postazione": "SUEM 118 - Agordo",
    "Coordinate Postazione": "46.283958,12.038924",
    "Mezzo": "MSI",
    "Nome radio": "ECHO 02",
    "Convenzione": "H24",
    "Orario di lavoro": "00:00-00:00",
    "Giorni": "LUN-DOM",
    "note": "VEDI NOTE CV ALLEGHE"
  },
  {
    "Nome Postazione": "SUEM 118 - Agordo",
    "Coordinate Postazione": "46.283958,12.038924",
    "Mezzo": "MSI",
    "Nome radio": "ECHO 03",
    "Convenzione": "H14",
    "Orario di lavoro": "07:00-14:00",
    "Giorni": "LUN-DOM",
    "note": null
  },
  {
    "Nome Postazione": "SUEM 118 - Agordo",
    "Coordinate Postazione": "46.283958,12.038924",
    "Mezzo": "MSI",
    "Nome radio": "ECHO 04",
    "Convenzione": "H24",
    "Orario di lavoro": "8:00-20:00",
    "Giorni": "LUN-DOM",
    "note": null
  },
  {
    "Nome Postazione": "SUEM 118 - Agordo",
    "Coordinate Postazione": "46.283958,12.038924",
    "Mezzo": "MSI",
    "Nome radio": "ECHO 05",
    "Convenzione": "H14",
    "Orario di lavoro": "14:00-21:00",
    "Giorni": "LUN-DOM",
    "note": null
  },
  {
    "Nome Postazione": "SUEM 118 - Agordo",
    "Coordinate Postazione": "46.283958,12.038924",
    "Mezzo": "MSI",
    "Nome radio": "ECHO 06",
    "Convenzione": "H24",
    "Orario di lavoro": "20:00-8:00",
    "Giorni": "LUN-DOM",
    "note": null
  },
  {
    "Nome Postazione": "SUEM 118 - Agordo",
    "Coordinate Postazione": "46.283958,12.038924",
    "Mezzo": "VLV",
    "Nome radio": "TANGO 05",
    "Convenzione": "H24",
    "Orario di lavoro": "00:00-00:00",
    "Giorni": "LUN-DOM",
    "note": null
  },
  {
    "Nome Postazione": "SUEM 118 - Auronzo di Cadore",
    "Coordinate Postazione": "46.553332,12.440288",
    "Mezzo": "MSI",
    "Nome radio": "ALFA 03",
    "Convenzione": "H24",
    "Orario di lavoro": "8:00-20:00",
    "Giorni": "LUN-DOM",
    "note": null
  },
  {
    "Nome Postazione": "SUEM 118 - Auronzo di Cadore",
    "Coordinate Postazione": "46.553332,12.440288",
    "Mezzo": "MSA",
    "Nome radio": "ALFA 04",
    "Convenzione": "H24",
    "Orario di lavoro": "20:00-8:00",
    "Giorni": "LUN-DOM",
    "note": null
  },
  {
    "Nome Postazione": "SUEM 118 - Auronzo di Cadore",
    "Coordinate Postazione": "46.553332,12.440288",
    "Mezzo": "MSI",
    "Nome radio": "ALFA 05",
    "Convenzione": "H24",
    "Orario di lavoro": "8:00-20:00",
    "Giorni": "LUN-DOM",
    "note": null
  },
  {
    "Nome Postazione": "SUEM 118 - Auronzo di Cadore",
    "Coordinate Postazione": "46.553332,12.440288",
    "Mezzo": "MSI",
    "Nome radio": "ALFA 06",
    "Convenzione": "H14",
    "Orario di lavoro": "07:00-21:00",
    "Giorni": "LUN-DOM",
    "note": null
  },
  {
    "Nome Postazione": "SUEM 118 - Auronzo di Cadore",
    "Coordinate Postazione": "46.553332,12.440288",
    "Mezzo": "MSI",
    "Nome radio": "ALFA 07",
    "Convenzione": "H24",
    "Orario di lavoro": "20:00-8:00",
    "Giorni": "LUN-DOM",
    "note": null
  },
  {
    "Nome Postazione": "SUEM 118 - Auronzo di Cadore",
    "Coordinate Postazione": "46.553332,12.440288",
    "Mezzo": "VLV",
    "Nome radio": "TANGO 06",
    "Convenzione": "H24",
    "Orario di lavoro": "00:00-00:00",
    "Giorni": "LUN-DOM",
    "note": null
  },
  {
    "Nome Postazione": "SUEM 118 - Belluno",
    "Coordinate Postazione": "46.139465,12.201594",
    "Mezzo": "MSI",
    "Nome radio": "BRAVO 01",
    "Convenzione": "H24",
    "Orario di lavoro": "00:00-00:00",
    "Giorni": "LUN-DOM",
    "note": null
  },
  {
    "Nome Postazione": "SUEM 118 - Belluno",
    "Coordinate Postazione": "46.139465,12.201594",
    "Mezzo": "MSI",
    "Nome radio": "BRAVO 02",
    "Convenzione": "H24",
    "Orario di lavoro": "00:00-00:00",
    "Giorni": "LUN-DOM",
    "note": null
  },
  {
    "Nome Postazione": "SUEM 118 - Belluno",
    "Coordinate Postazione": "46.139465,12.201594",
    "Mezzo": "MSI",
    "Nome radio": "BRAVO 03",
    "Convenzione": "H24",
    "Orario di lavoro": "8:00-20:00",
    "Giorni": "LUN-DOM",
    "note": null
  },
  {
    "Nome Postazione": "SUEM 118 - Belluno",
    "Coordinate Postazione": "46.139465,12.201594",
    "Mezzo": "MSI",
    "Nome radio": "BRAVO 04",
    "Convenzione": "H24",
    "Orario di lavoro": "20:00-8:00",
    "Giorni": "LUN-DOM",
    "note": null
  },
  {
    "Nome Postazione": "SUEM 118 - Belluno",
    "Coordinate Postazione": "46.139465,12.201594",
    "Mezzo": "MSA",
    "Nome radio": "BRAVO 05",
    "Convenzione": "H24",
    "Orario di lavoro": "8:00-20:00",
    "Giorni": "LUN-DOM",
    "note": null
  },
  {
    "Nome Postazione": "SUEM 118 - Belluno",
    "Coordinate Postazione": "46.139465,12.201594",
    "Mezzo": "MSA",
    "Nome radio": "BRAVO 06",
    "Convenzione": "H24",
    "Orario di lavoro": "20:00-8:00",
    "Giorni": "LUN-DOM",
    "note": null
  },
  {
    "Nome Postazione": "SUEM 118 - Belluno",
    "Coordinate Postazione": "46.139465,12.201594",
    "Mezzo": "MSI",
    "Nome radio": "BRAVO 07",
    "Convenzione": "H24",
    "Orario di lavoro": "20:00-8:00",
    "Giorni": "LUN-DOM",
    "note": null
  },
  {
    "Nome Postazione": "SUEM 118 - Belluno",
    "Coordinate Postazione": "46.139465,12.201594",
    "Mezzo": "MSI",
    "Nome radio": "BRAVO 08",
    "Convenzione": "H24",
    "Orario di lavoro": "8:00-20:00",
    "Giorni": "LUN-DOM",
    "note": null
  },
  {
    "Nome Postazione": "SUEM 118 - Belluno",
    "Coordinate Postazione": "46.139465,12.201594",
    "Mezzo": "MSI",
    "Nome radio": "BRAVO 09",
    "Convenzione": "H24",
    "Orario di lavoro": "8:00-20:00",
    "Giorni": "LUN-DOM",
    "note": null
  },
  {
    "Nome Postazione": "SUEM 118 - Belluno",
    "Coordinate Postazione": "46.139465,12.201594",
    "Mezzo": "MSI",
    "Nome radio": "BRAVO 10",
    "Convenzione": "H24",
    "Orario di lavoro": "20:00-8:00",
    "Giorni": "LUN-DOM",
    "note": null
  },
  {
    "Nome Postazione": "SUEM 118 - Belluno",
    "Coordinate Postazione": "46.139465,12.201594",
    "Mezzo": "CMR",
    "Nome radio": "CHARLIE BRAVO",
    "Convenzione": "H24",
    "Orario di lavoro": "00:00-00:00",
    "Giorni": "LUN-DOM",
    "note": "USATO PRE TRASFERIMENTI A LUNGA PERCORRENZA SE ELI NON DISP. TIPO VIAGGI A TREVISO ECC."
  },
  {
    "Nome Postazione": "SUEM 118 - Belluno",
    "Coordinate Postazione": "46.139465,12.201594",
    "Mezzo": "VLV",
    "Nome radio": "TANGO 03",
    "Convenzione": "H24",
    "Orario di lavoro": "00:00-00:00",
    "Giorni": "LUN-DOM",
    "note": null
  },
  {
    "Nome Postazione": "SUEM 118 - Cortina",
    "Coordinate Postazione": "46.55434,12.13124",
    "Mezzo": "MSI",
    "Nome radio": "DELTA 01",
    "Convenzione": "H12",
    "Orario di lavoro": "19:00-07:00",
    "Giorni": "LUN-DOM",
    "note": null
  },
  {
    "Nome Postazione": "SUEM 118 - Cortina",
    "Coordinate Postazione": "46.55434,12.13124",
    "Mezzo": "MSA",
    "Nome radio": "DELTA 02",
    "Convenzione": "H12",
    "Orario di lavoro": "07:00-19:00",
    "Giorni": "LUN-DOM",
    "note": null
  },
  {
    "Nome Postazione": "SUEM 118 - Cortina",
    "Coordinate Postazione": "46.55434,12.13124",
    "Mezzo": "MSI",
    "Nome radio": "DELTA 03",
    "Convenzione": "H12",
    "Orario di lavoro": "19:00-07:00",
    "Giorni": "LUN-DOM",
    "note": null
  },
  {
    "Nome Postazione": "SUEM 118 - Cortina",
    "Coordinate Postazione": "46.55434,12.13124",
    "Mezzo": "MSI",
    "Nome radio": "DELTA 04",
    "Convenzione": "H12",
    "Orario di lavoro": "19:00-07:00",
    "Giorni": "LUN-DOM",
    "note": null
  },
  {
    "Nome Postazione": "SUEM 118 - Cortina",
    "Coordinate Postazione": "46.55434,12.13124",
    "Mezzo": "MSI",
    "Nome radio": "DELTA 11",
    "Convenzione": "H12",
    "Orario di lavoro": "07:00-19:00",
    "Giorni": "LUN-DOM",
    "note": null
  },
  {
    "Nome Postazione": "SUEM 118 - Cortina",
    "Coordinate Postazione": "46.55434,12.13124",
    "Mezzo": "MSA",
    "Nome radio": "DELTA 12",
    "Convenzione": "H12",
    "Orario di lavoro": "19:00-07:00",
    "Giorni": "LUN-DOM",
    "note": null
  },
  {
    "Nome Postazione": "SUEM 118 - Cortina",
    "Coordinate Postazione": "46.55434,12.13124",
    "Mezzo": "MSI",
    "Nome radio": "DELTA 13",
    "Convenzione": "H12",
    "Orario di lavoro": "07:00-19:00",
    "Giorni": "LUN-DOM",
    "note": null
  },
  {
    "Nome Postazione": "SUEM 118 - Cortina",
    "Coordinate Postazione": "46.55434,12.13124",
    "Mezzo": "MSA",
    "Nome radio": "DELTA 14",
    "Convenzione": "H24",
    "Orario di lavoro": "00:00-00:00",
    "Giorni": "LUN-DOM",
    "note": null
  },
  {
    "Nome Postazione": "SUEM 118 - Cortina",
    "Coordinate Postazione": "46.55434,12.13124",
    "Mezzo": "MSI",
    "Nome radio": "DELTA 15",
    "Convenzione": "H12",
    "Orario di lavoro": "07:00-19:00",
    "Giorni": "LUN-DOM",
    "note": null
  },
  {
    "Nome Postazione": "SUEM 118 - Cortina",
    "Coordinate Postazione": "46.55434,12.13124",
    "Mezzo": "VLV",
    "Nome radio": "TANGO 07",
    "Convenzione": "H24",
    "Orario di lavoro": "00:00-00:00",
    "Giorni": "LUN-DOM",
    "note": null
  },
  {
    "Nome Postazione": "SUEM 118 - Feltre",
    "Coordinate Postazione": "46.022526,11.90727",
    "Mezzo": "MSA",
    "Nome radio": "FOX 01",
    "Convenzione": "REP",
    "Orario di lavoro": "00:00-00:00",
    "Giorni": "LUN-DOM",
    "note": "REPERIBILE"
  },
  {
    "Nome Postazione": "SUEM 118 - Feltre",
    "Coordinate Postazione": "46.022526,11.90727",
    "Mezzo": "MSI",
    "Nome radio": "FOX 02",
    "Convenzione": "REP",
    "Orario di lavoro": "00:00-00:00",
    "Giorni": "LUN-DOM",
    "note": "REPERIBILE"
  },
  {
    "Nome Postazione": "SUEM 118 - Feltre",
    "Coordinate Postazione": "46.022526,11.90727",
    "Mezzo": "MSA",
    "Nome radio": "FOX 03",
    "Convenzione": "H12",
    "Orario di lavoro": "07:00-19:00",
    "Giorni": "LUN-DOM",
    "note": null
  },
  {
    "Nome Postazione": "SUEM 118 - Feltre",
    "Coordinate Postazione": "46.022526,11.90727",
    "Mezzo": "MSA",
    "Nome radio": "FOX 04",
    "Convenzione": "H12",
    "Orario di lavoro": "19:00-07:00",
    "Giorni": "LUN-DOM",
    "note": null
  },
  {
    "Nome Postazione": "SUEM 118 - Feltre",
    "Coordinate Postazione": "46.022526,11.90727",
    "Mezzo": "MSI",
    "Nome radio": "FOX 05",
    "Convenzione": "H12",
    "Orario di lavoro": "19:00-07:00",
    "Giorni": "LUN-DOM",
    "note": null
  },
  {
    "Nome Postazione": "SUEM 118 - Feltre",
    "Coordinate Postazione": "46.022526,11.90727",
    "Mezzo": "MSI",
    "Nome radio": "FOX 06",
    "Convenzione": "H12",
    "Orario di lavoro": "07:00-19:00",
    "Giorni": "LUN-DOM",
    "note": null
  },
  {
    "Nome Postazione": "SUEM 118 - Feltre",
    "Coordinate Postazione": "46.022526,11.90727",
    "Mezzo": "MSI",
    "Nome radio": "FOX 07",
    "Convenzione": "H24",
    "Orario di lavoro": "00:00-00:00",
    "Giorni": "LUN-DOM",
    "note": null
  },
  {
    "Nome Postazione": "SUEM 118 - Feltre",
    "Coordinate Postazione": "46.022526,11.90727",
    "Mezzo": "MSI",
    "Nome radio": "FOX 08",
    "Convenzione": "H24",
    "Orario di lavoro": "00:00-00:00",
    "Giorni": "LUN-DOM",
    "note": null
  },
  {
    "Nome Postazione": "SUEM 118 - Feltre",
    "Coordinate Postazione": "46.022526,11.90727",
    "Mezzo": "MSI",
    "Nome radio": "FOX 09",
    "Convenzione": "H12",
    "Orario di lavoro": "19:00-07:00",
    "Giorni": "LUN-DOM",
    "note": null
  },
  {
    "Nome Postazione": "SUEM 118 - Feltre",
    "Coordinate Postazione": "46.022526,11.90727",
    "Mezzo": "MSI",
    "Nome radio": "FOX 10",
    "Convenzione": "H12",
    "Orario di lavoro": "07:00-19:00",
    "Giorni": "LUN-DOM",
    "note": null
  },
  {
    "Nome Postazione": "SUEM 118 - Feltre",
    "Coordinate Postazione": "46.022526,11.90727",
    "Mezzo": "VLV",
    "Nome radio": "TANGO 04",
    "Convenzione": "H24",
    "Orario di lavoro": "00:00-00:00",
    "Giorni": "LUN-DOM",
    "note": null
  },
  {
    "Nome Postazione": "SUEM 118 - Pieve di Cadore",
    "Coordinate Postazione": "46.432028,12.375675",
    "Mezzo": "MSI",
    "Nome radio": "PAPA 01",
    "Convenzione": "H24",
    "Orario di lavoro": "00:00-00:00",
    "Giorni": "LUN-DOM",
    "note": null
  },
  {
    "Nome Postazione": "SUEM 118 - Pieve di Cadore",
    "Coordinate Postazione": "46.432028,12.375675",
    "Mezzo": "MSI",
    "Nome radio": "PAPA 02",
    "Convenzione": "H24",
    "Orario di lavoro": "00:00-00:00",
    "Giorni": "LUN-DOM",
    "note": null
  },
  {
    "Nome Postazione": "SUEM 118 - Pieve di Cadore",
    "Coordinate Postazione": "46.432028,12.375675",
    "Mezzo": "MSI",
    "Nome radio": "PAPA 03",
    "Convenzione": "H12",
    "Orario di lavoro": "19:00-07:00",
    "Giorni": "LUN-DOM",
    "note": null
  },
  {
    "Nome Postazione": "SUEM 118 - Pieve di Cadore",
    "Coordinate Postazione": "46.432028,12.375675",
    "Mezzo": "MSA",
    "Nome radio": "PAPA 04",
    "Convenzione": "H24",
    "Orario di lavoro": "00:00-00:00",
    "Giorni": "LUN-DOM",
    "note": null
  },
  {
    "Nome Postazione": "SUEM 118 - Pieve di Cadore",
    "Coordinate Postazione": "46.432028,12.375675",
    "Mezzo": "MSI",
    "Nome radio": "PAPA 05",
    "Convenzione": "H12",
    "Orario di lavoro": "19:00-07:00",
    "Giorni": "LUN-DOM",
    "note": null
  },
  {
    "Nome Postazione": "SUEM 118 - Pieve di Cadore",
    "Coordinate Postazione": "46.432028,12.375675",
    "Mezzo": "MSI",
    "Nome radio": "PAPA 06",
    "Convenzione": "H12",
    "Orario di lavoro": "07:00-19:00",
    "Giorni": "LUN-DOM",
    "note": null
  },
  {
    "Nome Postazione": "SUEM 118 - Pieve di Cadore",
    "Coordinate Postazione": "46.432028,12.375675",
    "Mezzo": "MSI",
    "Nome radio": "PAPA 07",
    "Convenzione": "H12",
    "Orario di lavoro": "07:00-19:00",
    "Giorni": "LUN-DOM",
    "note": null
  },
  {
    "Nome Postazione": "SUEM 118 - Pieve di Cadore",
    "Coordinate Postazione": "46.432028,12.375675",
    "Mezzo": "VLV",
    "Nome radio": "TANGO 01",
    "Convenzione": "H24",
    "Orario di lavoro": "00:00-00:00",
    "Giorni": "LUN-DOM",
    "note": null
  },
  {
    "Nome Postazione": "SUEM 118 - Pieve di Cadore",
    "Coordinate Postazione": "",
    "Mezzo": "VLV",
    "Nome radio": "TANGO 02",
    "Convenzione": "H24",
    "Orario di lavoro": "00:00-00:00",
    "Giorni": "LUN-DOM",
    "note": "O ESCE MIKE DI CO O EQUIPAGGIO FALCO SE NON VOLA"
  },
  {
    "Nome Postazione": "SUEM 118 - Sappada",
    "Coordinate Postazione": "46.56756,12.687898",
    "Mezzo": "MSA",
    "Nome radio": "SIERRA 08",
    "Convenzione": "H24",
    "Orario di lavoro": "00:00-00:00",
    "Giorni": "LUN-DOM",
    "note": null
  },
  {
    "Nome Postazione": "SUEM 118 - Sappada",
    "Coordinate Postazione": "46.56756,12.687898",
    "Mezzo": "MSI",
    "Nome radio": "SIERRA 09",
    "Convenzione": "H24",
    "Orario di lavoro": "00:00-00:00",
    "Giorni": "LUN-DOM",
    "note": null
  },
  {
    "Nome Postazione": "SEAS - Dosoledo",
    "Coordinate Postazione": "46.589655,12.512833",
    "Mezzo": "MSB",
    "Nome radio": "SIERRA 01",
    "Convenzione": "H24",
    "Orario di lavoro": "00:00-00:00",
    "Giorni": "LUN-DOM",
    "note": null
  },
  {
    "Nome Postazione": "SEAS - Dosoledo",
    "Coordinate Postazione": "46.589655,12.512833",
    "Mezzo": "MSI",
    "Nome radio": "SIERRA 10",
    "Convenzione": "H12",
    "Orario di lavoro": "20:00-08:00",
    "Giorni": "LUN-DOM",
    "note": null
  },
  {
    "Nome Postazione": "Servizio Volontario Emergenze Plodn - Sappada",
    "Coordinate Postazione": "46.567526,12.687664",
    "Mezzo": "MSB",
    "Nome radio": "SIERRA 02",
    "Convenzione": "H12",
    "Orario di lavoro": "08:00-20:00",
    "Giorni": "LUN-DOM",
    "note": null
  },
  {
    "Nome Postazione": "Servizio Volontario Emergenze Plodn - Sappada",
    "Coordinate Postazione": "46.567526,12.687664",
    "Mezzo": "MSI",
    "Nome radio": "SIERRA 02",
    "Convenzione": "H12",
    "Orario di lavoro": "20:00-08:00",
    "Giorni": "LUN-DOM",
    "note": null
  },
  {
    "Nome Postazione": "Val Belluna Emergenza - Belluno",
    "Coordinate Postazione": "46.151647,12.233008",
    "Mezzo": "MSB",
    "Nome radio": "INDIA 08",
    "Convenzione": "REP",
    "Orario di lavoro": "00:00-00:00",
    "Giorni": "LUN-DOM",
    "note": "REPERIBILE"
  },
  {
    "Nome Postazione": "Val Belluna Emergenza - Belluno",
    "Coordinate Postazione": "46.151647,12.233008",
    "Mezzo": "MSB",
    "Nome radio": "INDIA 10",
    "Convenzione": "H12",
    "Orario di lavoro": "08:00-20:00",
    "Giorni": "LUN-DOM",
    "note": null
  },
  {
    "Nome Postazione": "Val Belluna Emergenza - Belluno",
    "Coordinate Postazione": "46.151647,12.233008",
    "Mezzo": "MSB",
    "Nome radio": "INDIA 12",
    "Convenzione": "H12",
    "Orario di lavoro": "08:00-20:00",
    "Giorni": "LUN-DOM",
    "note": null
  },
  {
    "Nome Postazione": "Val Belluna Emergenza - Longarone",
    "Coordinate Postazione": "46.261271,12.298424",
    "Mezzo": "MSB",
    "Nome radio": "INDIA 05",
    "Convenzione": "H24",
    "Orario di lavoro": "00:00-00:00",
    "Giorni": "LUN-DOM",
    "note": null
  },
  {
    "Nome Postazione": "Val Belluna Emergenza - Longarone",
    "Coordinate Postazione": "46.261271,12.298424",
    "Mezzo": "MSB",
    "Nome radio": "INDIA 09",
    "Convenzione": "H12",
    "Orario di lavoro": "08:00-20:00",
    "Giorni": "VEN-DOM",
    "note": null
  },
  {
    "Nome Postazione": "Vigili del Fuoco Belluno",
    "Coordinate Postazione": "46.130891,12.195205",
    "Mezzo": "MSB",
    "Nome radio": "SIERRA 05",
    "Convenzione": "H24",
    "Orario di lavoro": "00:00-00:00",
    "Giorni": "LUN-DOM",
    "note": null
  },
  {
    "Nome Postazione": "Vigili del Fuoco Belluno Vecchia Caserma",
    "Coordinate Postazione": "46.14523,12.20612",
    "Mezzo": "MSB",
    "Nome radio": "SIERRA 06",
    "Convenzione": "H12",
    "Orario di lavoro": "08:00-20:00",
    "Giorni": "LUN-DOM",
    "note": null
  },
  {
    "Nome Postazione": "Vigili del Fuoco Santo Stefano di Cadore",
    "Coordinate Postazione": "46.557868,12.547115",
    "Mezzo": "MSB",
    "Nome radio": "SIERRA 03",
    "Convenzione": "H24",
    "Orario di lavoro": "00:00-00:00",
    "Giorni": "LUN-DOM",
    "note": null
  },
  {
    "Nome Postazione": "Vol.A - Santa Giustina",
    "Coordinate Postazione": "46.06776,12.01691",
    "Mezzo": "MSB",
    "Nome radio": "KILO 03",
    "Convenzione": "H24",
    "Orario di lavoro": "8:00-20:00",
    "Giorni": "LUN-DOM",
    "note": null
  },
  {
    "Nome Postazione": "Vol.A - Santa Giustina",
    "Coordinate Postazione": "46.06776,12.01691",
    "Mezzo": "MSB",
    "Nome radio": "KILO 04",
    "Convenzione": "H24",
    "Orario di lavoro": "20:00-8:00",
    "Giorni": "LUN-DOM",
    "note": null
  },
  {
    "Nome Postazione": "Vol.A - Santa Giustina",
    "Coordinate Postazione": "46.06776,12.01691",
    "Mezzo": "MSB",
    "Nome radio": "KILO 05",
    "Convenzione": "REP",
    "Orario di lavoro": "00:00-00:00",
    "Giorni": "LUN-DOM",
    "note": "REPERIBILE"
  },
  {
    "Nome Postazione": "Volontari Ambulanza - Rocca Pietore",
    "Coordinate Postazione": "46.427693,11.956525",
    "Mezzo": "MSB",
    "Nome radio": "ROCCA 17",
    "Convenzione": "REP",
    "Orario di lavoro": "00:00-00:00",
    "Giorni": "LUN-DOM",
    "note": "REPERIBILE"
  },
  {
    "Nome Postazione": "Volontari Ambulanza - Rocca Pietore",
    "Coordinate Postazione": "46.427693,11.956525",
    "Mezzo": "MSB",
    "Nome radio": "ROCCA 18",
    "Convenzione": "H24",
    "Orario di lavoro": "00.00-00:00",
    "Giorni": "LUN-DOM",
    "note": null
  },
  {
    "Nome Postazione": "Volontari Ambulanza - Rocca Pietore",
    "Coordinate Postazione": "46.427693,11.956525",
    "Mezzo": "MSB",
    "Nome radio": "ROCCA 19",
    "Convenzione": "H12",
    "Orario di lavoro": "08:00-20:00",
    "Giorni": "LUN-DOM",
    "note": null
  }
]